openness,conscientiousness,agreeableness,extraversion,neuroticism,descriptive,normative,ca1,ca2,ca3,ca4,ca5,ca6,ca7,ca8,ca_average,c/a,ao1,ao2,ao3,ao4,ao5,ao6,ao7,ao8,ao_average,a/o,oc1,oc2,oc3,oc4,oc5,oc6,oc7,oc8,oc_average,o/c,en1,en2,en3,en4,en5,en6,en7,en8,en_average,e/n,dn1,dn2,dn3,dn4,dn5,dn6,dn7,dn8,dn_average,d/n,age,extentfeminine,extentconservative,extenthumanities,extentcapitalism,gender,svo
889,599,512,510,290,540,160,0,15,95,55,12,0,0,88,33,1.17,23,0,100,89,31,84,50,76,57,0.576,50,0,75,10,0,4,25,0,21,1.484,92,0,87,0,11,5,95,0,36,1.759,15,0,26,26,10,0,0,83,20,3.38,17,11,36,74,50,1,23.839
555,660,485,607,93,419,181,0,0,100,0,2,29,0,77,26,1.361,28,0,100,100,0,0,29,24,35,0.874,48,24,0,47,0,0,56,22,25,0.841,66,0,17,0,1,0,0,9,12,6.527,0,0,0,96,22,1,0,62,23,2.31,16,0,66,74,95,1,-16.26
925,476,799,364,336,498,302,0,90,81,84,29,100,0,100,61,0.596,79,25,0,2,100,86,0,93,48,0.864,100,30,0,0,0,0,0,30,20,1.943,100,50,24,23,0,100,35,4,42,1.083,0,79,23,100,100,0,0,0,38,1.65,16,100,14,24,30,0,32.158
739,866,795,348,452,503,297,37,37,100,55,11,7,41,62,44,1.089,25,37,37,96,7,75,3,75,44,1.076,70,72,42,17,10,79,76,50,52,0.853,90,71,13,28,74,77,72,27,57,0.77,0,84,50,17,26,16,22,82,37,1.69,16,87,27,87,60,0,45.892
878,740,782,377,423,450,350,29,70,100,27,96,25,30,0,47,0.946,15,5,15,71,92,67,30,100,49,0.891,0,78,21,16,15,83,54,50,40,1.186,99,98,75,20,0,91,27,13,53,0.891,57,94,50,0,85,38,26,0,44,1.29,17,100,0,75,16,0,27.884
881,602,917,578,222,572,228,38,34,82,62,84,33,56,80,59,0.656,29,31,27,37,66,66,26,70,44,1.041,36,69,25,27,10,58,19,27,34,1.463,32,29,8,0,0,94,25,34,28,2.604,18,58,28,11,38,25,16,34,29,2.51,17,0,39,87,63,1,37.482
950,617,833,292,508,540,260,50,50,87,88,50,68,41,90,66,0.741,41,90,48,83,50,87,16,76,61,0.877,50,57,46,20,13,65,50,40,43,1.54,50,100,8,87,87,41,89,46,64,0.575,10,17,54,64,50,23,39,3,33,2.08,17,73,16,37,50,0,22.494
1057,612,731,613,187,325,475,26,62,100,53,38,11,37,47,47,0.837,75,42,62,11,63,75,26,89,55,0.692,25,74,0,0,25,12,25,25,23,1.727,13,26,87,0,11,25,25,0,23,3.278,100,100,48,100,12,24,39,52,59,0.68,17,100,14,81,44,0,45
908,605,887,425,375,311,489,50,7,100,54,99,74,15,95,62,0.682,71,44,100,0,0,92,0,100,51,0.977,0,86,50,3,3,25,84,48,37,1.501,36,100,22,31,49,33,100,4,47,1.133,74,92,62,8,46,27,80,100,61,0.64,17,100,8,91,20,0,53.366
843,503,1054,504,296,527,273,53,74,89,55,94,76,23,59,65,0.477,61,12,45,55,7,40,4,45,34,1.25,22,62,10,21,7,74,9,21,28,1.676,88,19,18,40,80,11,25,15,37,1.703,0,68,49,7,40,26,74,9,34,1.93,17,83,75,42,74,0,35.51
554,807,1039,497,303,567,233,50,85,100,40,2,17,73,78,56,0.777,5,5,26,50,22,23,25,50,26,1.875,26,73,76,45,19,83,80,50,57,0.686,5,64,50,94,26,0,26,38,38,1.64,50,14,16,26,27,14,28,58,29,2.43,24,83,50,68,74,0,37.482
886,608,906,579,221,386,414,68,26,94,74,27,92,40,81,63,0.671,50,50,74,0,26,84,25,87,50,1.023,16,64,73,15,18,43,50,31,39,1.457,12,50,13,51,50,13,14,18,28,2.62,74,90,50,74,15,74,37,0,52,0.93,17,76,27,73,26,0,60.67
747,720,933,391,409,467,333,40,70,93,37,71,26,35,56,54,0.772,31,32,33,26,24,78,35,36,37,1.249,13,77,83,22,9,76,25,43,44,1.038,80,77,0,87,40,24,77,24,51,0.956,26,95,63,68,30,18,1,32,42,1.4,17,99,25,16,33,0,37.482
874,765,761,440,360,648,152,50,1,75,70,100,6,25,50,47,1.005,50,24,74,23,3,98,70,74,52,0.871,22,50,25,5,32,96,72,40,43,1.142,50,7,1,37,100,25,74,66,45,1.222,2,2,50,22,26,25,0,25,19,4.26,17,99,24,50,24,0,27.132
1084,677,639,364,436,350,450,73,26,6,38,84,26,38,67,45,1.059,82,33,62,90,61,79,86,26,65,0.589,17,63,0,21,16,87,14,17,29,1.601,85,10,39,76,88,18,83,37,55,0.835,84,91,36,17,34,13,100,75,56,0.78,17,73,26,100,33,0,37.482
930,671,799,506,294,645,155,31,0,86,43,14,15,65,84,42,0.84,85,11,25,89,0,71,29,29,42,0.859,8,34,16,27,12,89,9,14,26,1.386,10,79,26,8,84,12,75,0,37,1.721,12,8,93,0,19,12,0,11,19,4.16,17,0,64,13,68,1,37.482
973,434,993,321,479,497,303,54,43,100,91,84,42,90,50,69,0.437,100,2,58,5,21,85,10,80,45,1.021,0,68,0,4,19,74,16,7,24,2.242,93,60,98,10,65,88,31,34,60,0.67,2,100,20,17,38,32,0,94,38,1.64,17,100,0,23,26,0,36.444
894,651,855,502,298,336,464,50,50,71,50,50,50,47,94,58,0.761,47,50,50,44,50,50,50,66,51,0.956,50,50,50,0,17,44,55,47,39,1.373,25,50,50,50,51,18,42,12,37,1.685,52,100,50,50,50,42,45,75,58,0.72,17,87,28,63,70,0,37.482
913,749,738,401,399,571,229,25,19,81,75,89,17,8,24,42,1.015,86,19,48,86,19,81,23,38,50,0.808,24,21,67,27,16,80,31,21,36,1.219,91,82,0,76,42,75,9,24,50,1.005,18,75,0,30,15,17,48,26,29,2.49,16,4,73,98,94,1,7.815
928,715,757,468,332,443,357,50,0,0,74,27,28,50,50,35,0.945,100,0,72,0,0,50,50,50,40,0.816,26,74,0,0,27,50,17,0,24,1.298,72,100,50,27,29,27,0,27,42,1.41,100,100,50,26,27,26,0,28,45,1.24,17,0,50,0,100,1,32.158
1062,596,742,547,253,378,422,32,82,84,72,84,2,86,11,57,0.803,95,15,67,72,89,82,17,74,64,0.699,16,4,12,5,4,86,95,27,31,1.782,8,97,3,12,12,15,90,16,32,2.162,86,100,50,15,66,84,5,16,53,0.9,16,100,4,38,59,0,37.482
1048,608,744,219,581,396,404,50,12,99,32,99,4,80,85,58,0.817,100,96,79,96,4,82,10,50,65,0.71,80,10,23,99,1,10,19,27,34,1.724,93,94,86,82,78,94,50,4,73,0.377,24,1,6,96,18,86,75,98,51,0.98,18,37,32,85,64,0,45
703,740,957,531,269,317,483,66,0,96,88,22,21,42,100,54,0.773,37,0,74,24,0,78,8,57,35,1.361,86,91,72,27,13,5,27,54,47,0.95,53,0,74,0,9,5,96,32,34,1.974,30,44,50,100,27,87,95,50,60,0.66,17,0,25,75,73,1,45.892
967,643,790,188,612,262,538,38,76,100,25,50,78,29,25,53,0.814,92,63,32,74,42,90,8,30,54,0.817,56,63,25,19,0,90,11,0,33,1.504,89,37,100,74,90,86,65,71,77,0.307,62,88,74,87,86,15,50,76,67,0.49,16,100,7,100,14,0,25.423
975,599,826,425,375,624,176,50,75,0,75,75,26,26,100,53,0.725,0,25,100,0,76,100,0,100,50,0.847,75,76,0,0,0,0,25,50,28,1.628,0,100,50,0,100,25,100,0,47,1.133,0,50,76,0,25,25,0,0,22,3.55,17,25,26,76,50,1,37.482
892,700,808,350,450,533,267,53,91,12,96,34,37,81,80,61,0.866,84,72,86,12,42,81,19,80,60,0.906,83,96,22,66,5,95,0,17,48,1.274,90,100,29,3,92,42,80,14,56,0.778,0,71,24,6,66,11,11,78,33,2,16,17,0,51,0,1,61.39
945,771,684,541,259,543,257,26,11,100,33,21,44,36,50,40,1.127,60,84,89,65,19,44,26,50,55,0.724,16,48,0,16,18,60,89,45,37,1.226,19,38,14,33,23,26,74,32,32,2.089,21,39,50,14,26,21,11,75,32,2.11,17,51,22,7,72,0,30.429
977,863,560,338,562,407,293,50,41,80,45,27,24,27,95,49,1.541,91,64,83,92,40,86,39,73,71,0.573,89,19,75,22,39,75,44,50,52,1.132,97,43,72,50,41,97,62,50,64,0.601,46,89,50,40,19,3,50,46,43,1.39,16,100,26,87,74,0,7.815
686,928,786,552,248,477,323,52,44,25,44,25,14,28,36,34,1.181,13,45,44,8,24,47,26,75,35,1.146,27,39,24,73,73,25,76,59,50,0.739,25,76,26,38,9,24,26,24,31,2.226,47,25,74,38,26,24,26,63,40,1.48,17,12,62,14,36,1,4.556
939,650,811,353,447,364,436,73,13,100,53,74,50,13,100,60,0.801,87,60,63,60,26,89,10,70,58,0.864,86,69,2,18,5,50,38,58,41,1.445,74,98,12,74,74,91,11,13,56,0.79,74,74,50,26,27,73,42,70,55,0.83,16,78,24,50,74,0,9.118
770,796,834,427,373,586,214,13,80,0,86,100,31,26,92,54,0.954,85,20,34,29,50,97,15,64,49,1.083,100,50,85,97,6,24,12,50,53,0.967,100,29,85,37,71,12,26,13,47,1.145,15,86,11,78,0,20,0,4,27,2.74,17,84,72,36,54,0,34.875
857,704,839,450,350,541,259,82,4,79,92,71,22,13,50,52,0.839,0,26,67,73,53,25,30,100,47,0.979,17,100,89,11,14,26,25,35,40,1.217,27,94,100,0,95,0,0,34,44,1.286,87,9,66,8,0,58,0,31,32,2.09,17,7,12,26,30,1,37.482
795,867,738,391,409,485,315,27,86,0,64,98,38,24,70,51,1.175,100,79,28,86,74,74,6,22,59,0.928,4,95,100,26,25,88,86,50,59,0.917,84,0,11,72,28,100,85,29,51,0.956,14,89,57,0,26,100,5,24,39,1.54,18,100,50,50,74,0,30.619
681,872,847,309,491,351,449,36,18,90,50,26,84,26,74,51,1.03,75,18,38,25,24,87,16,74,45,1.244,75,88,20,26,39,90,88,50,60,0.781,93,92,35,75,85,57,36,18,61,0.629,36,90,50,15,57,87,50,64,56,0.78,16,74,50,27,75,0,34.875
867,853,680,484,316,274,526,50,26,50,50,26,20,19,88,41,1.254,27,34,87,100,16,100,50,35,56,0.784,0,73,50,74,50,27,81,27,48,1.016,0,100,20,100,18,0,50,28,40,1.532,100,100,38,62,0,100,100,26,66,0.52,17,50,50,100,36,0,37.482
745,713,942,509,291,486,314,50,25,88,80,74,33,39,74,58,0.757,50,37,30,74,28,26,1,75,40,1.264,75,26,1,60,74,75,15,50,47,1.045,74,44,6,75,27,37,27,1,36,1.749,35,75,50,13,7,76,25,33,39,1.55,17,13,34,64,38,1,36.773
601,750,1049,450,350,549,251,25,75,100,76,25,25,25,75,53,0.715,25,0,0,25,26,26,0,75,22,1.745,0,75,76,25,100,75,0,25,47,0.801,75,100,0,0,75,0,75,25,44,1.286,50,0,0,0,75,26,0,100,31,2.19,18,25,50,89,50,1,32.158
866,532,1002,278,522,454,346,27,72,76,74,100,87,75,76,73,0.531,78,13,74,50,0,100,27,43,48,1.157,86,99,50,0,0,74,0,10,40,1.628,50,82,74,66,74,76,100,0,65,0.533,50,3,40,0,33,100,39,81,43,1.31,17,93,8,37,32,0,37.014
876,799,725,475,325,474,326,50,0,100,100,50,0,75,50,53,1.102,50,25,100,50,50,75,50,100,63,0.828,100,50,0,25,50,75,100,24,53,1.096,100,25,100,25,50,0,0,25,41,1.462,25,100,75,0,0,76,0,50,41,1.45,17,50,25,75,50,1,32.563
727,805,868,509,291,458,342,60,62,74,25,16,26,27,74,46,0.927,26,20,27,83,73,25,16,26,37,1.194,0,27,27,81,73,27,74,60,46,0.903,0,100,27,50,45,26,15,28,36,1.749,50,27,73,73,3,86,2,28,43,1.34,16,0,50,74,50,1,28.787
836,642,822,490,310,350,450,32,13,78,11,79,34,64,81,49,0.781,3,5,75,92,0,100,15,80,46,0.983,8,88,8,19,0,79,32,0,29,1.302,81,64,2,37,14,0,95,17,39,1.581,89,95,26,28,22,12,95,83,56,0.78,16,57,18,100,38,0,32.158
835,578,987,388,412,423,377,38,67,96,61,25,88,70,43,61,0.586,90,25,46,35,25,22,19,39,38,1.182,7,64,9,20,26,87,29,24,33,1.445,26,74,13,70,80,75,14,60,52,0.942,65,75,58,25,65,41,36,12,47,1.12,17,98,6,2,14,0,52.907
1104,625,671,253,547,320,480,6,50,99,16,33,75,2,50,41,0.931,62,92,98,50,50,95,0,13,58,0.608,56,82,0,0,1,0,9,8,20,1.766,100,88,37,52,78,97,72,23,68,0.463,97,100,20,71,50,68,2,72,60,0.67,17,50,50,0,50,0,41.859
882,648,870,427,373,383,417,50,50,77,50,53,39,50,100,59,0.745,58,37,58,50,50,50,38,58,50,0.986,25,50,39,19,34,50,50,50,40,1.361,57,50,32,46,38,50,50,50,47,1.145,30,50,66,63,50,50,58,50,52,0.92,17,26,37,74,69,1,38.047
984,663,753,520,280,526,274,26,100,100,15,22,0,88,100,56,0.88,95,41,100,78,0,74,10,100,62,0.765,77,100,0,8,0,63,25,41,39,1.484,80,11,100,0,80,0,9,0,35,1.857,0,100,0,74,0,0,100,0,34,1.92,17,73,16,81,74,0,37.482
933,589,878,574,226,482,318,26,73,100,62,25,75,11,61,54,0.671,0,66,100,14,39,100,0,36,44,0.941,26,64,0,25,25,26,38,18,28,1.584,26,26,0,23,38,24,89,0,28,2.54,22,100,50,74,30,15,0,27,40,1.52,17,91,19,50,78,0,45
784,459,1157,473,327,433,367,50,24,100,50,75,67,100,100,71,0.397,25,0,73,0,13,27,0,71,26,1.476,35,87,0,36,0,13,27,27,28,1.708,25,83,86,14,75,25,19,0,41,1.446,13,100,50,100,18,36,0,50,46,1.18,17,100,65,25,50,0,34.875
910,843,647,401,399,554,246,36,78,7,37,71,73,28,85,52,1.303,94,73,24,70,25,78,8,96,59,0.711,39,33,74,12,8,66,78,14,41,1.079,82,84,25,26,67,12,73,30,50,1.005,15,9,95,15,10,3,15,84,31,2.25,16,81,12,73,63,0,45
542,790,1068,418,382,663,137,27,78,96,77,12,1,18,72,48,0.74,35,28,1,18,0,27,2,2,14,1.97,0,38,14,50,82,82,26,79,46,0.686,75,74,69,1,36,32,95,0,48,1.094,11,2,0,23,25,2,0,74,17,4.84,17,26,25,76,26,1,26.437
761,768,871,291,509,363,437,40,17,15,76,86,36,76,39,48,0.882,57,35,42,99,44,1,34,2,39,1.145,38,38,6,30,23,88,80,50,44,0.991,59,68,6,88,95,16,90,87,64,0.572,89,59,84,10,46,80,16,53,55,0.83,17,76,14,57,50,0,37.482
979,797,624,350,450,366,434,51,26,17,50,50,67,8,50,40,1.277,91,22,100,50,50,74,35,73,62,0.637,50,50,12,50,32,22,50,50,40,1.228,50,86,67,46,70,50,50,31,56,0.778,50,96,50,74,50,50,36,28,54,0.84,16,100,14,44,27,0,41.832
871,692,837,568,232,554,246,50,74,17,74,13,13,27,100,46,0.827,87,15,100,38,0,25,0,66,41,0.961,0,74,26,9,0,100,23,28,33,1.259,25,87,50,0,8,12,50,0,29,2.448,25,50,0,0,0,0,83,88,31,2.25,17,89,0,100,14,0,35.157
815,797,788,387,413,460,340,50,37,26,50,27,50,50,63,44,1.011,50,39,50,36,50,76,14,50,46,0.967,50,50,26,50,25,24,75,50,44,1.023,50,50,50,16,72,75,50,50,52,0.937,26,64,50,50,26,50,24,50,43,1.35,18,37,14,11,100,1,39.472
1065,642,693,642,158,555,245,50,12,100,87,80,26,26,50,54,0.926,12,74,91,100,50,88,50,73,67,0.651,5,84,100,18,6,10,0,50,34,1.659,0,100,0,0,1,0,31,26,20,4.063,0,100,15,24,25,0,0,81,31,2.27,17,70,19,87,70,0,2.095
917,755,728,348,452,594,206,34,0,57,50,58,71,69,49,49,1.037,61,77,77,53,44,72,52,24,58,0.794,55,49,37,38,0,53,94,17,43,1.215,84,52,33,55,53,81,53,41,57,0.77,36,40,53,42,35,0,0,0,26,2.88,17,25,17,34,22,1,34.875
767,930,703,591,209,646,154,50,10,0,54,4,22,0,100,30,1.323,58,26,75,55,23,22,0,78,42,0.917,3,65,100,21,15,54,66,46,46,0.825,29,79,12,38,10,21,0,20,26,2.828,0,76,51,23,0,0,4,0,19,4.19,17,0,70,25,100,1,7.815
856,664,880,440,360,395,405,33,86,77,50,90,25,60,35,57,0.755,79,50,75,13,50,93,5,11,47,1.028,12,87,75,14,31,86,8,7,40,1.289,65,86,50,38,68,25,13,15,45,1.222,21,94,89,93,26,50,6,26,51,0.98,17,100,75,26,26,0,26.565
672,542,1186,671,129,571,229,46,87,100,69,100,75,73,65,77,0.457,0,43,38,0,58,74,0,16,29,1.765,91,74,14,0,2,100,16,60,45,1.24,17,12,74,26,0,0,0,0,16,5.202,100,13,16,0,74,0,0,26,29,2.49,17,100,50,41,58,0,45
807,616,977,436,364,484,316,89,12,100,100,66,55,3,89,64,0.631,0,0,100,34,3,100,0,100,42,1.211,31,100,0,53,0,15,69,62,41,1.31,100,0,20,0,25,0,100,19,33,1.198,0,25,0,100,75,16,0,100,40,1.53,17,50,25,62,50,1,37.482
860,593,947,523,277,508,292,45,29,98,77,74,87,64,72,68,0.626,67,65,59,63,60,25,0,60,50,1.101,80,100,12,18,29,28,30,42,42,1.45,82,24,6,36,73,7,28,21,35,1.888,76,50,50,15,33,40,13,15,37,1.74,17,16,25,36,87,1,37.482
835,958,607,550,250,601,199,7,1,97,99,5,4,0,10,28,1.578,63,19,100,96,6,75,0,57,52,0.727,84,100,10,90,1,90,1,5,48,0.872,87,0,2,2,99,9,50,1,31,2.2,3,1,25,3,66,98,0,3,25,3.02,17,13,72,38,50,1,34.249
850,719,831,679,121,597,203,6,26,72,59,100,72,50,100,61,0.865,23,27,99,41,62,77,25,100,57,0.978,26,98,27,40,0,74,75,64,51,1.182,27,50,42,1,0,0,1,0,15,5.612,3,73,26,27,25,0,25,24,25,2.94,17,76,14,86,53,0,35.51
742,875,783,481,319,327,473,36,66,12,24,18,33,83,100,47,1.117,22,32,80,80,24,50,26,75,49,1.055,16,81,30,75,15,61,86,83,56,0.848,74,23,74,37,25,35,27,24,40,1.508,24,78,50,84,24,13,100,100,59,0.69,17,100,13,84,74,0,34.875
893,475,1032,544,256,492,308,36,91,100,76,96,100,18,100,77,0.46,37,5,100,14,24,96,9,100,48,1.156,87,100,0,5,0,76,0,24,37,1.88,5,91,37,9,100,0,5,9,32,2.125,0,100,0,24,10,14,96,64,39,1.6,16,100,0,94,0,0,61.39
1206,897,497,369,231,493,307,20,22,100,75,0,0,25,22,33,1.805,72,100,78,100,24,79,69,76,75,0.412,100,25,25,0,75,25,72,14,42,1.344,22,11,0,76,11,24,87,25,32,1.597,12,75,26,78,22,74,0,20,38,1.61,17,0,25,64,50,1,24.228
1004,683,713,495,305,390,410,50,25,84,69,96,39,36,14,52,0.958,36,62,64,70,50,88,38,92,63,0.71,50,100,15,1,16,17,70,27,37,1.47,69,27,58,30,37,27,38,19,38,1.623,35,67,50,67,50,41,50,50,51,0.95,17,100,16,82,22,0,32.409
968,379,1053,213,587,279,521,86,54,100,100,91,79,62,81,82,0.36,93,34,35,69,35,84,26,24,50,1.088,0,100,33,16,18,33,14,18,29,2.554,89,98,23,45,92,85,88,67,73,0.363,90,97,88,18,85,8,100,35,65,0.54,17,76,13,100,30,1,37.482
992,485,923,473,327,405,395,26,73,98,99,74,74,26,27,62,0.525,26,73,50,26,50,50,0,99,47,0.93,26,50,2,27,2,25,25,25,23,2.045,97,2,26,3,74,0,99,26,41,1.446,50,24,0,50,96,25,75,75,49,1.03,17,98,24,50,74,0,34.875
820,503,1077,352,448,524,276,84,84,100,23,80,92,33,6,63,0.467,13,20,88,7,0,0,7,90,28,1.313,0,80,0,27,18,69,2,9,26,1.63,9,89,83,74,87,4,84,18,56,0.786,4,14,50,7,9,90,99,3,35,1.9,16,34,16,75,56,0,29.373
1113,636,651,543,257,540,260,37,0,88,50,26,88,85,74,56,0.977,86,75,72,86,73,100,26,79,75,0.585,86,61,11,0,38,1,37,50,36,1.75,44,87,1,13,26,0,86,0,32,2.113,0,95,63,8,30,26,13,25,33,2.08,18,13,13,2,50,1,37.482
785,861,754,371,429,635,165,43,8,100,33,75,13,17,81,46,1.142,37,18,86,43,59,64,28,81,52,0.961,91,75,100,25,20,45,50,25,54,0.912,67,75,0,43,77,17,100,50,54,0.865,6,0,63,7,0,45,0,44,21,3.85,16,0,44,25,43,1,7.815
954,675,771,477,323,605,195,14,13,91,82,81,17,14,86,50,0.875,88,15,93,25,15,91,11,89,53,0.808,86,11,79,20,6,32,19,20,34,1.413,24,11,13,62,80,17,88,28,40,1.477,20,13,20,20,10,88,0,24,24,3.1,17,84,26,74,67,0,27.711
612,800,988,400,400,572,228,50,96,0,50,26,75,89,88,59,0.81,84,38,12,14,100,25,0,13,36,1.614,100,74,12,100,25,76,37,50,59,0.765,97,37,0,50,86,74,0,56,50,1,25,0,38,50,13,15,0,87,29,2.51,17,88,25,37,50,0,45
780,632,988,518,282,483,317,50,0,85,26,66,66,70,39,50,0.64,12,25,22,33,41,78,26,44,35,1.267,39,37,32,15,61,32,60,58,42,1.234,14,59,11,37,60,18,68,15,35,1.837,19,79,55,34,15,41,31,43,40,1.52,17,86,20,87,38,0,52.907
843,525,1032,614,186,587,213,50,25,99,50,99,87,12,99,65,0.509,1,12,74,75,1,99,1,26,36,1.224,93,74,1,14,14,10,26,14,31,1.606,13,13,1,26,99,1,26,7,23,3.301,2,90,74,2,6,13,1,25,27,2.76,17,98,28,28,13,0,37.093
822,917,661,592,208,453,347,20,1,0,34,0,22,5,85,21,1.387,28,26,94,23,14,100,3,18,38,0.804,18,61,21,0,35,13,86,50,36,0.896,92,2,4,3,5,20,81,1,26,2.846,98,84,45,81,32,0,4,3,43,1.31,17,72,10,51,50,0,37.482
857,734,709,567,333,446,354,50,0,50,50,28,0,28,100,38,1.035,30,48,52,100,0,68,27,72,50,0.827,26,0,37,59,68,0,100,50,43,1.168,24,42,28,75,8,11,45,50,35,1.703,29,72,50,66,22,65,50,50,51,1.26,17,0,18,75,69,1,7.815
827,650,923,508,292,395,405,50,25,100,87,50,73,50,84,65,0.704,22,50,66,46,50,62,50,50,50,1.116,50,59,36,60,0,40,74,50,46,1.272,84,0,26,44,74,0,14,50,37,1.74,26,16,74,74,42,90,0,83,51,0.98,17,91,7,44,16,0,37.482
826,523,1051,476,324,408,392,79,83,100,75,62,74,66,48,73,0.498,24,17,28,11,100,25,38,93,42,1.272,80,74,15,9,6,78,8,40,39,1.579,26,80,0,37,76,4,86,15,41,1.469,17,7,50,11,70,96,75,66,49,1.04,17,30,22,87,41,1,34.875
970,512,918,383,417,370,430,48,100,36,62,92,79,75,100,74,0.558,68,30,64,47,89,59,24,93,59,0.946,75,84,36,2,0,21,50,36,38,1.895,85,96,0,70,82,25,59,0,52,0.918,50,87,34,22,50,47,100,40,54,0.86,17,97,26,63,58,0,45
863,766,771,437,363,393,407,32,15,70,38,82,24,28,98,48,0.994,11,84,86,87,30,32,20,66,52,0.893,15,74,8,26,27,77,80,46,44,1.127,84,82,15,28,28,26,81,19,45,1.204,29,69,15,90,81,15,24,84,51,0.97,18,36,21,85,50,1,37.258
1055,576,869,465,335,632,68,77,2,100,50,94,98,6,86,64,0.663,43,85,87,5,24,81,50,84,57,0.824,37,79,0,42,6,89,16,20,36,1.832,97,93,92,30,4,4,11,4,42,1.388,15,0,85,16,15,16,0,6,19,9.29,17,96,73,26,63,0,34.875
965,682,753,366,434,568,232,30,41,82,15,63,78,13,90,52,0.906,14,96,74,21,74,81,72,27,57,0.78,19,61,21,31,13,16,86,47,37,1.415,19,67,100,37,74,80,36,21,54,0.843,0,82,17,62,12,26,33,0,29,2.45,16,100,0,100,25,0,34.875
876,756,768,326,474,471,329,39,9,38,28,88,66,28,84,48,0.984,82,41,28,84,38,22,17,100,52,0.877,8,63,25,28,88,15,35,74,42,1.159,100,76,22,82,67,85,18,24,59,0.688,28,34,58,85,27,80,0,17,41,1.43,17,100,26,5,50,0,10.385
975,805,620,399,401,327,473,30,0,84,50,1,99,19,67,44,1.298,99,99,86,74,24,94,2,52,66,0.636,50,44,39,0,27,84,99,12,44,1.211,100,88,5,74,84,12,20,18,50,0.995,1,96,16,100,98,59,3,100,59,0.69,17,100,0,98,26,0,30.349
868,586,946,473,327,544,256,50,42,91,50,89,50,44,100,65,0.619,50,50,100,71,8,50,5,36,46,1.09,6,100,0,40,22,84,0,50,38,1.481,95,0,3,50,25,4,72,78,41,1.446,60,34,37,25,36,22,0,42,32,2.13,17,17,0,6,50,1,37.482
771,636,993,463,337,570,230,26,100,96,87,90,83,11,10,63,0.64,0,86,75,25,0,74,0,50,39,1.288,50,74,12,23,15,78,12,75,42,1.212,0,14,100,0,88,21,100,14,42,1.374,74,14,13,83,24,0,0,22,29,2.48,17,26,0,75,25,1,27.582
743,781,876,552,248,475,325,12,90,100,55,17,26,81,55,55,0.892,6,75,69,3,40,91,0,76,45,1.179,17,84,79,6,38,94,96,3,52,0.951,12,100,0,18,78,6,28,6,31,2.226,71,88,66,36,22,33,0,9,41,1.46,17,0,12,38,24,1,39.437
1016,539,845,542,258,443,357,50,26,100,44,81,60,9,74,56,0.638,13,50,87,11,0,100,38,100,50,0.832,14,81,2,26,11,25,10,14,23,1.885,7,100,0,0,50,14,74,13,32,2.101,64,86,50,15,20,63,0,59,45,1.24,17,100,13,0,74,0,45
793,878,929,329,371,350,350,50,50,50,50,50,16,50,50,46,0.945,50,50,50,25,50,50,31,50,45,1.172,31,50,25,50,50,50,94,50,50,0.903,100,50,50,50,50,50,21,50,53,0.887,50,50,50,50,50,25,50,50,47,1,17,18,17,75,0,1,7.815
1026,533,841,743,57,485,315,87,0,87,100,24,14,86,44,55,0.634,0,0,100,25,23,100,76,77,50,0.82,24,76,0,15,24,0,12,24,22,1.925,0,22,0,0,0,0,24,11,7,13.035,24,0,54,91,0,24,22,100,39,1.54,17,0,82,76,100,1,61.39
718,910,772,489,311,441,359,40,26,64,43,35,37,25,33,38,1.179,24,37,38,55,32,38,31,76,41,1.075,59,63,58,38,63,57,31,44,52,0.789,76,59,27,24,38,31,35,21,39,1.572,55,39,55,73,36,42,21,38,45,1.23,18,12,38,76,62,1,29.433
840,729,831,578,222,312,488,45,100,100,21,26,6,95,81,59,0.877,43,95,14,58,52,69,32,80,55,0.989,31,94,45,0,9,94,71,59,50,1.152,19,91,0,15,39,0,19,39,28,2.604,40,100,52,30,13,63,90,100,61,0.64,17,100,37,100,69,0,34.875
1059,705,636,535,265,300,500,11,0,90,75,100,88,0,0,46,1.108,50,65,100,88,14,100,11,100,66,0.601,50,89,0,0,0,15,100,15,34,1.502,64,87,14,0,100,0,0,0,33,2.019,100,100,36,100,64,0,100,0,63,0.6,17,100,26,100,50,0,16.26
1289,559,552,306,494,379,421,1,0,100,100,0,99,0,50,44,1.013,100,100,100,25,23,100,100,50,75,0.428,0,9,0,0,0,0,100,0,14,2.306,23,96,88,6,100,81,100,0,62,0.619,100,100,52,0,26,74,0,69,53,0.9,17,100,25,25,74,0,36.119
857,576,767,528,372,288,512,59,82,99,0,93,46,23,75,60,0.751,74,28,46,77,28,88,65,50,57,0.895,76,50,79,17,9,57,15,50,44,1.488,15,28,2,50,46,70,98,17,41,1.419,75,98,50,29,58,18,95,89,64,0.56,17,87,16,85,74,0,34.875
1191,557,652,320,480,490,310,56,50,100,90,12,12,68,25,52,0.854,100,44,88,100,14,100,21,94,70,0.547,0,91,10,0,0,44,12,13,21,2.138,99,78,68,71,84,25,37,18,60,0.667,0,100,20,13,9,91,0,77,39,1.58,18,87,44,10,64,0,37.482
1029,551,820,610,190,405,395,35,0,100,100,98,41,7,100,60,0.672,46,15,55,89,43,100,99,14,58,0.797,50,63,0,0,0,40,54,25,29,1.868,44,36,34,25,0,25,26,0,24,3.211,0,100,54,12,0,36,100,93,49,1.03,17,100,25,100,100,0,10.385
607,893,900,343,457,453,347,50,34,50,50,95,17,82,50,54,0.992,92,50,18,12,50,25,17,64,41,1.483,100,100,4,84,25,95,63,50,65,0.68,38,89,20,25,86,50,85,64,57,0.751,63,97,50,8,36,63,18,12,43,1.31,17,85,50,37,62,0,36.333
850,824,726,241,559,383,417,25,0,100,50,0,50,1,100,41,1.135,81,74,26,26,50,43,25,75,50,0.854,0,100,0,26,0,100,100,24,44,1.032,98,80,26,74,100,65,75,41,70,0.431,75,75,50,0,37,99,50,31,52,0.92,17,25,50,75,25,1,10.876
731,846,823,627,173,649,151,26,25,100,76,75,0,0,100,50,1.028,26,75,76,26,75,25,0,76,47,1.126,24,75,75,74,0,100,75,25,56,0.864,0,0,25,25,0,24,99,0,22,3.624,26,0,75,26,0,24,0,0,19,4.3,16,26,25,25,100,1,34.875
1022,668,710,544,256,407,393,26,15,84,72,93,16,54,67,53,0.941,41,38,88,84,19,100,62,85,65,0.695,26,98,10,0,10,75,39,37,37,1.53,0,85,7,27,74,33,0,30,32,2.125,100,15,21,89,74,12,0,82,49,1.04,16,50,0,0,50,0,49.074
901,867,632,584,216,604,196,25,17,100,50,7,0,0,55,32,1.372,0,74,76,90,2,47,75,58,53,0.701,75,56,16,24,29,1,82,38,40,1.039,46,82,2,0,25,0,58,3,27,2.704,0,24,50,7,25,50,0,40,25,3.08,17,0,74,74,100,1,34.875
941,715,844,322,378,426,374,50,50,72,96,27,50,94,50,61,0.847,100,25,0,76,72,64,0,8,43,0.897,50,72,100,30,75,50,27,0,51,1.316,100,100,76,27,0,25,50,100,60,0.852,0,100,50,73,24,3,74,50,47,1.14,16,0,74,0,72,1,41.038
905,651,844,434,366,519,281,37,15,50,75,76,50,19,74,50,0.771,86,26,50,26,25,63,26,50,44,0.933,26,76,12,20,36,27,26,24,31,1.39,75,25,26,36,74,16,88,26,46,1.186,90,14,51,9,15,14,25,63,35,1.85,17,74,25,76,26,0,37.482
817,406,1177,392,408,507,293,32,92,87,86,83,85,80,92,80,0.345,6,10,46,7,26,80,15,70,33,1.441,18,92,4,15,11,74,12,17,30,2.012,89,84,17,72,84,16,32,14,51,0.961,24,86,62,16,39,18,16,32,37,1.73,17,74,11,13,26,0,45
1063,647,690,481,319,604,196,35,27,89,75,0,10,62,61,45,0.938,34,67,78,84,40,89,23,54,59,0.649,86,56,18,11,10,0,6,19,26,1.643,82,27,0,50,20,19,100,21,40,1.508,0,25,19,58,0,67,0,27,25,3.08,19,0,50,74,93,1,7.815
754,792,754,650,250,543,257,8,32,100,50,27,40,45,73,47,1.05,92,69,42,11,27,86,20,66,52,1,38,100,81,16,11,80,83,50,57,0.952,7,32,26,10,42,86,31,8,30,2.6,14,100,10,21,9,29,66,8,32,2.11,17,100,9,87,31,0,61.352
864,696,840,607,193,463,337,82,25,75,26,26,75,25,74,51,0.829,26,75,27,75,100,26,14,25,46,0.972,26,50,1,26,50,75,26,50,38,1.241,14,74,0,26,0,27,26,26,24,3.145,75,100,50,0,35,25,26,26,42,1.37,17,25,13,2,24,1,45.892
1123,584,693,593,207,524,276,55,26,14,65,84,61,19,100,53,0.843,37,62,88,51,35,84,69,86,64,0.617,19,100,8,24,26,20,30,43,34,1.923,21,84,0,17,26,27,32,0,26,2.865,16,27,63,75,17,38,26,14,35,1.9,17,0,26,74,67,1,2.095
949,688,763,577,223,323,477,37,2,88,39,93,11,31,85,48,0.902,37,86,89,13,13,78,11,96,53,0.804,10,93,20,26,11,19,29,66,34,1.379,26,35,10,4,20,13,99,16,28,2.587,88,14,50,63,19,74,82,87,60,0.68,16,98,14,74,15,0,36.309
763,893,744,534,266,472,328,18,15,74,45,48,54,10,74,42,1.2,0,41,88,63,14,68,20,100,49,0.975,68,74,100,44,9,36,52,48,54,0.854,12,72,30,14,5,29,70,34,33,2.008,13,69,42,67,26,28,0,83,41,1.44,16,13,6,44,58,1,36.119
774,817,809,355,445,466,334,27,39,96,50,54,40,30,100,55,1.01,32,100,81,65,19,35,26,69,53,1.045,66,100,58,42,34,67,29,57,57,0.947,91,70,73,28,86,26,50,21,56,0.798,74,28,50,5,75,63,6,33,42,1.4,18,100,13,13,82,0,30.844
695,922,783,425,375,416,384,48,2,36,50,11,75,17,85,41,1.178,50,73,38,77,24,15,37,27,43,1.127,73,73,1,50,44,73,82,50,56,0.754,56,26,50,72,29,25,71,46,47,1.133,50,93,53,47,28,7,11,95,48,1.08,17,81,50,39,50,0,45
789,738,873,368,432,377,423,20,81,32,62,81,13,74,80,55,0.845,91,42,69,13,54,35,41,25,46,1.106,91,40,20,16,9,88,81,36,48,1.069,20,26,88,63,85,54,19,77,54,0.852,46,100,52,15,6,73,39,92,53,0.89,17,68,74,42,76,0,33.275
841,649,910,678,122,528,272,43,6,100,23,65,47,55,99,55,0.713,1,29,30,100,0,68,0,100,41,1.082,99,59,64,0,6,14,12,33,36,1.296,11,0,12,56,0,0,18,25,15,5.557,7,39,58,26,44,50,48,0,34,1.94,17,100,24,69,50,0,11.983
800,687,913,478,322,345,455,26,24,75,100,16,0,39,50,41,0.752,21,25,82,24,22,34,0,9,27,1.141,31,72,0,48,16,0,50,0,27,1.164,100,0,51,0,89,0,82,0,40,1.484,66,76,50,95,75,19,24,50,57,0.76,17,0,38,0,58,1,34.875
898,795,707,404,396,497,303,76,10,18,56,47,79,14,96,50,1.124,0,60,77,76,90,100,38,48,61,0.787,61,98,27,30,72,1,49,53,49,1.13,72,89,0,62,52,51,26,44,50,1.02,26,49,0,17,21,95,0,95,38,1.64,17,50,50,6,63,1,12.977
659,831,910,352,448,640,160,71,3,6,30,91,42,93,73,51,0.913,32,17,20,90,5,80,22,33,37,1.381,1,85,79,15,78,93,0,89,55,0.793,88,97,0,31,99,21,83,29,56,0.786,14,30,23,0,12,3,50,28,20,4,18,50,18,40,37,1,61.39
834,799,767,683,217,518,282,12,66,100,100,13,18,3,99,51,1.042,81,42,33,10,100,71,75,32,56,0.92,86,64,11,25,0,98,98,28,51,1.044,72,25,0,27,31,4,27,6,24,3.147,76,100,40,13,28,6,2,17,35,1.84,17,100,50,15,50,0,10.385
790,847,763,512,288,506,294,44,70,12,41,23,16,26,67,37,1.11,24,33,67,0,56,61,16,79,42,0.966,62,64,20,39,2,74,11,74,43,0.933,63,84,21,25,24,31,25,15,36,1.778,60,63,14,25,42,34,0,56,37,1.72,17,88,26,16,78,0,37.014
834,770,796,500,300,418,382,50,58,37,37,50,50,50,50,48,0.967,50,63,63,28,50,55,27,50,48,0.954,50,38,32,50,26,56,50,50,44,1.083,50,26,18,18,50,32,81,25,38,1.667,50,50,41,21,50,93,27,50,48,1.09,17,33,50,62,68,1,33.822
801,733,866,453,347,548,252,43,44,10,37,89,80,12,96,51,0.846,41,39,94,4,4,69,4,90,43,1.081,59,88,50,3,16,38,82,8,43,1.093,57,78,22,15,50,3,100,22,43,1.305,5,76,7,8,21,8,46,81,32,2.17,16,84,42,67,87,0,34.249
723,709,968,567,233,356,444,65,80,100,74,72,18,56,56,65,0.732,15,27,77,100,24,76,14,20,44,1.339,28,87,83,72,26,64,20,50,54,1.02,70,70,8,28,16,0,2,39,29,2.433,79,100,50,43,69,48,9,46,56,0.8,17,12,74,29,87,1,45
1049,827,524,551,249,450,350,0,24,50,50,0,0,25,50,25,1.578,0,0,75,100,50,50,100,100,59,0.5,1,25,0,50,0,75,25,50,28,1.268,0,0,50,75,24,75,0,25,31,2.213,100,50,0,50,50,50,50,0,44,1.29,16,25,50,100,50,1,37.093
1079,618,703,473,327,546,254,50,44,100,50,50,50,25,50,52,0.879,50,50,76,50,84,87,44,75,65,0.652,21,97,0,9,10,50,0,50,30,1.746,50,21,74,15,45,46,62,14,41,1.446,58,14,16,13,50,50,14,39,32,2.15,16,100,0,86,0,0,37.482
761,915,724,609,191,399,401,28,1,76,23,73,24,0,62,36,1.264,73,24,96,70,17,0,8,75,45,0.951,58,97,59,40,3,92,34,19,50,0.832,10,71,26,24,25,15,19,1,24,3.188,55,54,98,23,98,0,0,73,50,1,16,74,0,100,1,0,37.093
1357,792,251,544,256,428,372,14,23,0,62,19,0,3,18,17,3.155,91,78,100,100,46,100,73,100,86,0.185,0,85,20,8,4,0,3,11,16,1.713,19,100,86,0,0,0,21,30,32,2.125,100,78,0,0,16,0,78,100,47,1.15,16,30,25,94,84,0,22.932
874,500,1026,535,265,624,176,62,100,14,87,100,100,25,100,74,0.487,0,13,87,0,62,87,13,100,45,1.174,24,100,0,14,25,87,0,38,36,1.748,0,76,14,0,88,0,75,12,33,2.019,0,76,24,14,13,11,0,38,22,3.55,18,0,16,75,25,1,35.157
756,728,916,388,412,347,453,50,14,14,74,76,90,68,85,59,0.795,57,34,50,54,15,54,6,85,44,1.212,43,68,23,59,10,93,53,50,50,1.038,53,57,75,25,74,38,21,69,52,0.942,22,23,50,73,74,79,82,50,57,0.77,16,63,48,88,57,0,45
885,737,778,483,317,628,172,88,19,99,86,20,28,88,23,56,0.947,16,88,83,74,16,75,24,97,59,0.879,21,82,76,11,14,85,76,23,49,1.201,20,16,24,18,71,83,81,4,40,1.524,24,14,2,23,10,86,6,7,22,3.65,17,100,29,73,77,0,16.26
1006,543,851,405,395,591,209,42,100,0,50,75,73,74,49,58,0.638,61,36,75,43,11,88,11,87,52,0.846,26,73,25,0,0,26,26,30,26,1.853,85,44,25,44,58,46,74,19,49,1.025,27,28,0,39,25,34,50,6,26,2.83,17,7,26,64,80,1,37.482
788,501,1111,365,435,476,324,73,62,98,50,86,86,63,50,71,0.451,64,31,27,4,37,77,15,2,32,1.41,26,73,15,13,36,74,5,27,34,1.573,90,73,80,37,82,16,27,30,54,0.839,28,86,50,19,29,16,20,76,41,1.47,18,27,4,25,2,1,45
901,657,842,514,286,422,378,15,75,100,86,100,3,86,13,60,0.78,13,16,87,82,74,87,77,0,55,0.935,37,88,75,0,9,95,16,15,42,1.371,11,88,85,0,26,4,69,3,36,1.797,36,0,37,15,75,27,100,88,47,1.12,17,100,8,100,14,0,30.429
903,739,758,370,430,453,347,41,22,88,17,66,32,64,73,50,0.975,88,41,74,72,25,33,40,72,56,0.839,50,60,18,81,8,64,26,35,43,1.222,89,87,23,60,21,76,57,17,54,0.86,85,87,12,26,50,19,9,59,43,1.31,17,100,26,0,100,0,20.556
840,709,851,489,311,408,392,68,31,99,82,90,92,16,83,70,0.833,68,86,70,31,66,93,9,87,64,1.013,25,69,80,64,70,69,7,86,59,1.185,21,16,65,27,85,13,81,3,39,1.572,89,90,38,7,8,59,75,26,49,1.04,17,86,20,84,25,0,47.648
873,898,629,799,1,600,200,0,0,0,0,0,0,0,100,13,1.428,100,27,0,0,0,72,0,100,37,0.721,0,0,72,0,0,0,100,98,34,0.972,0,0,1,0,0,0,0,0,0,799,100,100,0,0,0,0,0,0,25,3,16,0,0,28,0,1,7.815
907,721,772,386,414,429,371,53,32,92,20,59,69,40,64,54,0.934,31,38,78,69,43,90,69,39,57,0.851,74,68,17,17,43,86,13,32,44,1.258,75,16,28,38,69,72,71,45,52,0.932,52,87,47,31,37,48,17,52,46,1.16,18,92,12,12,21,0,37.482
771,949,680,525,275,478,322,0,45,100,55,40,0,33,75,44,1.396,25,83,74,24,90,84,12,76,59,0.882,100,18,100,73,14,92,100,0,62,0.812,87,0,12,87,26,38,25,0,34,1.909,14,81,41,27,37,0,36,86,40,1.48,17,0,74,75,74,1,30.122
921,658,821,464,336,447,353,31,19,84,20,14,77,5,96,43,0.801,27,9,90,27,1,80,5,86,41,0.891,4,74,1,25,5,91,0,4,26,1.4,98,84,83,0,25,12,20,14,42,1.381,88,94,29,32,20,82,0,8,44,1.27,17,0,75,50,71,1,37.482
887,807,706,479,321,400,400,50,38,13,50,62,45,50,40,44,1.143,50,35,54,66,59,76,52,50,55,0.796,50,50,70,42,41,45,11,46,44,1.099,50,54,26,50,41,50,0,50,40,1.492,38,50,50,35,50,95,36,46,50,1,17,69,28,99,19,0,61.39
963,860,577,372,428,461,339,28,16,90,10,35,15,27,34,32,1.49,35,33,97,63,42,89,31,88,60,0.599,21,52,10,18,52,89,31,42,39,1.12,81,34,82,25,70,8,88,40,54,0.869,20,30,65,84,18,19,20,83,42,1.36,16,50,0,74,15,0,7.815
952,706,742,455,345,412,388,26,47,13,46,87,93,25,44,48,0.951,100,87,63,15,55,100,15,4,55,0.779,100,97,0,0,0,74,0,16,36,1.348,85,24,14,24,84,14,100,0,43,1.319,0,50,46,12,52,100,28,100,49,1.06,17,82,26,25,50,0,37.482
852,674,874,460,340,599,201,50,0,87,26,100,14,26,86,49,0.771,0,100,0,76,75,25,14,25,39,1.026,26,87,0,74,0,26,0,50,33,1.264,26,100,49,0,89,76,0,0,43,1.353,50,0,25,12,14,0,0,100,25,2.98,17,0,50,74,74,1,41.017
1006,584,810,427,373,538,262,28,27,84,0,27,98,5,75,43,0.721,50,77,96,13,2,71,3,22,42,0.805,24,83,0,1,9,10,1,0,16,1.723,99,50,50,78,50,23,1,22,47,1.145,25,25,18,74,0,26,12,82,33,2.05,19,99,24,50,24,0,37.482
1081,602,517,460,440,515,385,50,31,23,54,58,20,36,44,40,1.164,85,69,78,64,76,82,72,50,72,0.478,39,45,24,6,21,21,40,44,30,1.796,67,76,75,19,18,45,85,10,49,1.045,46,73,50,16,27,67,23,60,45,1.34,16,73,42,2,58,0,37.482
787,853,760,460,340,481,319,61,38,10,38,12,31,55,80,41,1.122,34,24,83,43,19,58,58,46,46,0.966,36,88,70,18,62,63,4,37,47,0.923,87,50,34,28,30,26,59,26,43,1.353,24,70,26,80,63,39,17,0,40,1.51,17,50,26,3,65,0,61.39
863,569,968,756,44,642,158,50,100,0,87,94,50,26,100,63,0.588,44,74,100,7,14,100,0,0,42,1.122,50,100,0,0,0,0,100,26,35,1.517,37,0,0,0,0,0,7,0,6,17.182,18,0,75,26,6,26,0,7,20,4.06,17,0,13,25,74,1,45
1273,550,577,426,374,375,525,75,0,100,100,0,26,0,100,50,0.953,75,74,100,100,100,25,75,75,78,0.453,25,100,0,0,0,0,0,26,19,2.315,0,100,74,0,100,0,100,0,47,1.139,25,75,75,75,75,25,50,100,63,0.71,17,74,50,86,100,0,37.482
757,813,830,427,373,479,321,50,80,100,50,70,21,28,50,56,0.98,26,50,100,2,35,72,50,84,52,1.096,72,64,88,36,63,18,81,40,58,0.931,100,15,86,50,57,27,38,0,47,1.145,19,15,50,16,0,100,100,21,40,1.49,17,100,23,26,76,0,34.153
582,1000,818,629,171,625,175,59,2,99,50,56,80,4,50,50,1.222,75,4,77,1,1,26,2,74,33,1.405,31,50,18,98,1,74,79,77,54,0.582,2,80,26,4,1,32,26,0,21,3.678,1,98,50,11,2,3,0,10,22,3.57,17,75,24,27,75,0,21.361
1077,481,842,354,446,503,297,4,96,86,47,90,74,16,99,64,0.571,98,58,91,50,2,74,11,86,59,0.782,74,58,9,1,0,33,0,18,24,2.239,88,94,63,8,50,31,100,12,56,0.794,13,26,48,2,15,100,4,89,37,1.69,17,74,26,0,26,0,37.482
798,811,791,347,453,615,185,50,0,100,14,52,29,28,30,38,1.025,0,38,29,0,20,81,44,100,39,0.991,0,74,0,26,80,15,100,19,39,0.984,72,100,100,85,50,46,0,0,57,0.766,0,74,0,77,33,0,1,0,23,3.32,17,68,50,86,61,0,7.815
1078,658,664,474,326,543,257,16,23,0,77,86,83,50,50,48,0.991,13,100,50,64,50,87,84,73,65,0.616,50,50,6,33,0,94,0,10,30,1.638,84,98,50,28,16,10,27,13,41,1.454,11,13,15,16,17,50,62,73,32,2.11,16,71,66,87,95,0,34.875
938,692,770,673,127,326,474,28,100,100,11,0,0,29,75,43,0.899,3,74,100,27,0,95,1,73,47,0.821,25,63,0,8,59,2,28,50,29,1.355,0,28,27,26,36,0,10,0,16,5.299,37,74,50,74,74,50,27,88,59,0.69,17,100,60,73,84,0,45.892
693,921,786,627,173,550,250,58,0,76,24,45,12,12,76,38,1.172,12,39,76,14,75,25,0,76,40,1.134,100,9,62,75,24,76,24,54,53,0.752,9,39,24,0,24,14,38,25,22,3.624,39,62,65,37,22,25,0,0,31,2.2,16,0,38,0,75,1,30.598
747,870,783,644,156,542,258,50,2,100,18,62,2,16,43,37,1.111,20,5,62,57,0,72,3,91,39,1.048,95,82,16,37,0,16,93,24,45,0.859,16,68,19,8,12,9,16,8,20,4.128,12,89,50,86,0,19,0,2,32,2.1,17,84,26,0,87,0,34.875
1084,1002,314,409,391,660,140,0,0,74,25,0,0,0,0,12,3.191,100,74,100,94,0,26,91,100,73,0.29,11,19,74,20,74,76,0,27,38,1.082,98,100,76,100,1,16,0,0,49,1.046,0,73,44,11,0,12,0,0,18,4.71,18,42,53,45,100,1,-7.815
706,921,773,496,304,452,348,27,12,0,27,55,12,13,100,31,1.191,0,0,63,84,26,87,0,13,34,1.095,100,75,12,64,0,26,16,74,46,0.767,86,26,0,26,11,61,94,0,38,1.632,100,46,34,11,26,92,0,39,44,1.3,17,0,50,0,76,1,29.373
867,655,878,596,204,314,486,25,15,100,50,75,76,25,38,51,0.746,100,50,35,75,10,40,7,9,41,1.013,50,33,0,25,26,75,0,50,32,1.324,17,90,50,12,14,8,13,0,26,2.922,50,100,50,0,50,50,100,86,61,0.65,17,100,12,100,84,0,45
769,636,895,495,405,312,488,50,58,74,69,90,50,6,100,62,0.711,13,20,89,96,17,83,0,84,50,1.164,68,100,2,75,25,14,74,50,51,1.209,27,10,75,25,50,25,68,50,41,1.222,20,78,50,73,80,62,75,50,61,0.64,17,100,16,50,74,0,45
709,851,840,383,417,377,423,50,2,8,24,75,25,50,96,41,1.013,93,23,0,93,27,26,4,24,36,1.185,68,50,2,76,28,75,32,50,48,0.833,90,73,28,26,97,74,28,1,52,0.918,71,50,50,85,67,0,50,50,53,0.89,17,99,2,50,50,0,37.482
850,804,746,666,134,572,228,39,97,15,19,99,28,26,50,47,1.078,0,0,100,8,54,93,74,98,53,0.878,96,97,4,2,19,1,97,61,47,1.057,2,96,4,0,25,2,4,1,17,4.97,93,1,2,26,1,4,1,100,29,2.51,16,74,4,74,49,1,34.875
635,938,827,578,222,347,453,31,0,100,31,17,43,6,52,35,1.134,0,31,46,20,2,90,18,46,32,1.302,87,42,12,86,20,84,50,37,52,0.677,50,85,0,30,6,0,29,22,28,2.604,26,100,50,76,74,25,6,96,57,0.77,17,100,36,13,50,0,37.482
932,825,643,565,235,321,479,29,19,98,26,100,26,16,29,43,1.283,78,30,88,16,32,100,72,84,63,0.69,94,78,27,15,15,96,15,28,46,1.13,93,90,5,6,8,14,8,11,29,2.404,30,81,63,39,11,79,90,86,60,0.67,17,100,26,85,39,0,35.134
910,792,598,622,178,848,52,0,100,100,0,26,27,0,72,41,1.324,100,100,27,0,0,100,100,0,53,0.657,0,73,25,0,0,72,99,48,40,1.149,24,28,0,26,0,0,100,0,22,3.494,50,0,1,0,0,1,0,0,7,16.31,17,0,72,50,0,0,26.123
803,833,764,447,353,697,103,64,0,76,100,26,0,0,100,46,1.09,100,75,25,0,26,75,26,75,50,0.951,72,100,75,0,26,0,100,26,50,0.964,100,100,0,27,75,27,24,0,44,1.266,0,25,26,0,0,26,0,26,13,6.77,17,75,26,0,25,0,45
987,444,969,492,308,510,290,50,71,98,30,77,96,50,98,71,0.458,75,26,73,4,26,99,2,96,50,0.982,99,50,2,23,4,5,3,28,27,2.223,98,50,2,29,75,27,23,4,39,1.597,27,50,98,3,27,4,75,6,36,1.76,17,99,76,100,75,0,37.014
706,698,996,455,345,576,224,1,1,96,99,99,0,75,97,59,0.701,98,99,23,0,26,1,0,25,34,1.411,0,98,98,96,0,0,24,50,46,1.011,98,75,0,1,98,50,23,0,43,1.319,0,1,0,24,99,98,2,0,28,2.57,19,75,26,23,50,0,45
675,714,1011,510,290,543,257,78,0,100,45,20,71,62,100,60,0.706,26,75,81,5,5,24,18,31,33,1.498,81,0,72,78,33,25,80,21,49,0.945,81,18,78,26,20,16,16,35,36,1.759,6,15,12,72,4,51,14,83,32,2.11,18,1,29,21,43,1,14.381
1089,629,682,559,241,582,218,73,12,100,83,14,50,35,75,55,0.922,45,87,100,86,62,100,0,80,70,0.626,63,69,8,0,0,50,78,3,34,1.731,26,87,83,9,0,16,20,0,30,2.32,0,100,19,0,4,12,83,0,27,2.67,17,100,26,72,100,0,34.875
1008,602,790,261,539,324,476,0,100,10,12,100,100,88,64,59,0.762,100,100,12,8,75,70,94,25,61,0.784,100,13,0,0,25,0,75,63,35,1.674,87,88,100,89,0,100,0,75,67,0.484,38,100,25,100,75,25,13,100,60,0.68,17,90,13,25,25,0,33.622
1023,556,821,317,483,266,534,45,0,100,50,100,48,22,96,58,0.677,99,26,44,66,32,85,0,88,55,0.803,26,96,0,0,0,76,4,15,27,1.84,99,65,2,15,94,99,100,9,60,0.656,56,91,48,100,44,95,100,0,67,0.5,17,82,56,100,54,0,28.548
900,640,860,358,442,392,408,46,25,87,57,74,42,68,75,59,0.744,50,56,35,92,38,59,26,58,52,0.956,37,69,20,36,14,26,62,50,39,1.406,69,30,75,55,62,56,69,26,55,0.81,87,50,47,12,37,63,26,86,51,0.96,17,0,25,0,40,1,19.168
940,590,870,257,543,366,434,29,22,100,69,81,74,25,68,59,0.678,73,10,64,67,40,74,23,47,50,0.926,80,55,8,17,4,61,17,16,32,1.593,95,92,86,78,34,14,87,57,68,0.473,12,87,25,79,62,58,44,67,54,0.84,17,100,15,59,37,0,45
1092,563,745,647,153,249,551,21,4,82,40,85,24,84,100,55,0.756,13,97,60,86,75,86,11,67,62,0.682,13,100,7,2,0,50,14,17,25,1.94,89,16,14,8,8,2,13,3,19,4.229,3,82,94,93,50,50,100,79,69,0.45,17,100,32,100,32,0,31.54
829,518,1053,422,378,514,286,71,75,100,83,82,94,12,50,71,0.492,24,24,86,35,16,37,13,79,39,1.27,8,80,17,13,27,81,30,29,36,1.6,3,95,34,77,71,4,68,26,47,1.116,9,21,42,0,42,100,58,14,36,1.8,17,69,13,86,64,1,37.482
955,683,762,470,330,462,338,50,92,84,50,50,20,26,26,50,0.896,24,36,75,26,75,100,0,100,55,0.798,30,50,1,0,0,75,75,50,35,1.398,50,74,4,50,77,24,50,1,41,1.424,74,100,34,0,13,27,15,75,42,1.37,17,100,25,74,16,0,34.875
791,551,958,649,251,697,103,75,88,99,26,14,8,25,74,51,0.575,1,27,25,74,14,26,2,74,30,1.211,88,13,2,84,12,15,26,12,32,1.436,14,98,8,19,8,1,70,25,30,2.586,26,13,11,1,25,12,0,15,13,6.77,16,88,62,25,74,0,34.875
702,774,924,546,254,364,436,76,40,92,78,96,65,15,31,62,0.838,10,28,73,2,83,80,83,10,46,1.316,60,79,68,15,24,77,78,66,58,0.907,5,23,75,88,33,7,8,15,32,2.15,75,22,68,85,7,16,80,83,55,0.83,17,7,80,67,89,1,31.903
942,479,979,345,455,298,502,63,63,100,48,100,100,1,30,63,0.489,8,50,100,19,13,100,0,36,41,1.039,22,31,0,29,9,74,0,19,23,1.967,82,100,100,23,50,0,80,20,57,0.758,24,0,89,100,45,100,62,82,63,0.59,16,95,16,67,25,0,45
918,603,879,599,201,175,625,66,32,100,64,74,80,24,37,60,0.686,22,62,70,53,39,70,12,70,50,0.958,38,75,41,25,7,13,60,21,35,1.522,13,66,12,16,31,15,37,11,25,2.98,82,77,76,41,79,77,100,93,78,0.28,16,100,22,89,30,0,33.433
744,694,962,421,379,529,271,34,40,80,78,57,50,66,14,52,0.721,26,25,38,21,18,32,13,84,32,1.293,18,62,24,35,20,76,46,32,39,1.072,85,35,62,77,42,30,29,19,47,1.111,50,21,50,4,24,50,5,67,34,1.95,17,11,19,75,74,1,45
1055,489,856,515,285,506,294,50,74,100,75,50,25,75,74,65,0.571,74,27,74,25,74,93,26,74,58,0.811,14,74,0,35,1,12,50,26,27,2.157,74,50,25,26,23,75,12,0,36,1.807,27,73,50,31,10,50,26,27,37,1.72,17,100,50,75,100,0,34.875
832,630,938,477,323,351,449,57,58,93,61,86,79,27,72,67,0.672,17,28,74,30,76,69,26,75,49,1.127,62,77,15,19,16,40,84,50,45,1.321,24,44,79,14,68,37,57,0,40,1.477,30,64,57,0,36,87,84,91,56,0.78,17,74,15,81,42,0,37.482
777,787,836,298,502,276,524,50,14,0,0,86,73,4,100,41,0.941,63,64,74,0,17,63,25,85,49,1.076,0,100,74,25,26,39,74,50,49,0.987,38,96,50,16,50,91,87,74,63,0.594,50,100,50,0,88,38,50,74,56,0.53,17,62,39,98,63,0,37.482
830,623,947,282,518,500,300,100,100,23,50,75,100,0,100,69,0.658,100,0,26,75,50,50,0,100,50,1.141,100,74,0,0,23,24,100,50,46,1.332,100,24,49,50,99,100,74,22,65,0.544,0,0,26,0,100,100,24,50,38,1.67,18,95,0,50,50,0,37.482
1136,513,651,478,422,625,175,35,21,82,50,78,22,74,100,58,0.788,89,23,100,5,26,100,94,100,67,0.573,23,66,0,0,16,41,0,29,22,2.214,100,0,26,11,89,32,100,38,50,1.133,23,11,50,18,50,0,23,0,22,3.57,17,17,7,24,13,1,37.482
708,817,875,458,342,574,226,34,66,26,24,15,38,56,50,39,0.934,9,17,10,0,16,87,0,95,29,1.236,77,86,0,81,0,63,0,19,41,0.867,13,3,61,86,73,12,86,8,43,1.339,5,79,2,16,16,91,0,17,28,2.54,16,4,85,15,15,1,34.875
1051,628,721,255,545,300,500,42,27,100,79,98,65,12,54,60,0.871,73,86,87,12,85,100,50,63,70,0.686,21,83,50,0,48,53,0,50,38,1.674,92,94,85,63,76,26,89,20,68,0.468,27,93,50,77,52,82,50,69,63,0.6,17,88,11,50,80,0,34.875
1124,421,855,348,452,422,378,88,26,98,39,100,98,1,100,69,0.492,99,72,100,0,26,73,26,99,62,0.761,0,100,0,1,15,2,27,26,21,2.67,100,28,1,28,84,84,100,27,57,0.77,86,100,26,13,28,74,25,26,47,1.12,17,50,0,26,50,0,37.014
1099,526,775,475,325,474,326,25,74,26,100,100,100,74,100,75,0.679,100,25,74,100,100,25,0,100,66,0.705,0,100,100,75,0,0,0,50,41,2.089,100,100,0,74,0,25,26,0,41,1.462,0,100,74,100,26,0,0,26,41,1.45,17,0,0,75,75,1,37.482
917,804,679,527,273,385,415,50,25,88,67,8,26,0,93,45,1.184,25,50,90,75,50,88,26,74,60,0.74,92,63,25,27,12,8,84,50,45,1.141,35,50,75,0,25,25,63,0,34,1.93,50,61,50,61,25,66,38,64,52,0.93,17,100,7,75,75,0,34.875
1059,327,1014,551,249,334,466,100,100,100,100,100,71,0,64,79,0.322,0,0,100,100,0,100,21,100,53,0.958,0,100,0,0,0,33,0,29,20,3.239,0,0,100,24,100,0,0,25,31,2.213,100,0,88,0,87,0,91,100,58,0.72,17,100,0,100,21,0,45
923,674,803,446,354,562,238,13,91,0,74,81,62,70,33,53,0.839,36,24,79,6,16,86,80,94,53,0.87,75,100,26,12,16,14,32,23,37,1.369,59,100,26,36,20,16,79,18,44,1.26,19,70,41,39,4,37,0,28,30,2.36,16,13,87,31,100,1,34.875
945,766,589,563,237,657,243,17,2,0,79,100,12,0,84,37,1.301,94,71,52,65,34,27,33,81,57,0.623,6,72,16,3,9,100,0,54,33,1.234,80,16,14,0,20,68,22,17,30,2.376,0,43,33,0,13,18,52,32,24,2.7,17,37,13,87,25,0,37.482
834,801,765,515,285,304,496,50,50,100,50,25,50,41,50,52,1.047,0,50,87,75,85,69,5,80,56,0.917,25,78,70,37,17,74,66,50,52,1.041,26,87,14,16,63,0,73,6,36,1.807,50,16,50,84,38,72,100,86,62,0.61,16,100,50,100,37,0,45.892
1015,776,609,577,223,570,230,25,0,100,0,0,0,0,100,28,1.274,12,100,100,0,5,100,12,87,52,0.6,26,26,13,12,12,0,100,12,25,1.308,0,100,0,12,11,0,100,0,28,2.587,85,0,37,0,0,84,11,13,29,2.48,17,100,74,50,100,0,8.763
960,750,690,489,411,373,327,50,26,74,50,4,50,30,50,42,1.087,77,50,63,50,10,84,14,96,56,0.719,26,81,5,31,26,7,50,58,36,1.28,17,73,74,27,73,20,50,27,45,1.19,45,86,50,26,50,50,50,20,47,1.14,17,95,38,0,69,0,34.875
707,574,1119,626,174,332,468,24,6,96,26,98,94,0,100,56,0.513,4,4,2,4,100,5,5,1,16,1.583,1,73,7,26,5,6,94,6,27,1.232,0,94,6,5,7,6,6,50,22,3.598,97,5,50,97,1,95,27,96,59,0.71,17,92,74,4,74,0,42.567
1009,787,604,619,181,407,393,19,11,100,39,100,75,10,22,47,1.303,71,71,100,19,61,81,78,91,72,0.599,37,100,20,11,68,76,17,34,45,1.282,28,10,12,17,28,45,24,17,23,3.42,22,80,9,8,14,82,78,100,49,1.04,17,92,14,100,30,0,27.091
852,837,711,327,473,412,388,75,50,75,100,0,50,28,100,60,1.177,100,26,100,73,32,67,69,100,71,0.835,98,100,32,75,50,74,10,76,64,1.018,26,50,50,50,75,72,100,50,59,0.691,26,77,73,37,50,0,100,25,49,1.06,18,50,50,0,26,0,34.875
960,811,729,479,321,616,184,50,0,0,74,100,50,16,100,49,1.112,76,15,80,100,15,77,16,82,58,0.759,100,75,0,24,0,77,0,50,41,1.184,84,73,0,15,74,50,25,0,40,1.492,50,50,50,0,11,0,21,2,23,3.35,17,0,25,0,40,1,34.875
1001,641,758,435,365,446,354,39,17,95,56,74,68,22,45,52,0.846,80,43,88,19,21,82,38,87,57,0.757,10,74,25,27,5,90,10,16,32,1.562,85,8,74,19,58,35,64,22,46,1.192,68,89,35,16,32,27,30,57,44,1.26,17,83,0,32,26,0,34.875
695,676,1029,328,472,486,314,50,100,73,50,0,26,100,100,62,0.657,50,50,0,73,0,83,0,14,34,1.481,99,100,2,74,0,0,50,50,47,1.028,98,75,50,100,0,75,74,0,59,0.695,24,50,12,26,26,100,26,50,39,1.55,17,0,87,1,25,1,37.482
700,828,772,500,500,446,254,50,50,72,50,50,50,50,50,53,1.073,50,50,26,50,50,50,50,50,47,1.103,50,50,50,50,50,50,50,50,50,0.845,50,50,50,50,50,50,50,50,50,1,50,50,26,26,50,26,50,50,41,1.76,17,100,28,73,50,0,45
767,649,984,481,319,622,178,25,83,70,38,82,37,100,78,64,0.66,55,25,8,14,82,61,10,74,41,1.283,37,100,83,26,0,89,7,20,45,1.182,75,74,5,40,95,4,26,0,40,1.508,0,8,50,7,80,21,12,0,22,3.49,16,99,16,37,74,0,37.482
812,739,849,264,536,269,531,50,28,100,28,15,100,28,19,46,0.87,50,15,70,86,0,64,0,34,40,1.046,16,100,100,15,0,63,13,0,38,1.099,100,100,86,50,100,0,100,0,67,0.493,79,88,50,8,41,85,97,83,66,0.51,17,50,0,100,0,1,45.952
933,738,729,618,182,412,388,26,84,79,100,22,13,0,76,50,1.012,16,24,79,100,0,100,68,84,59,0.781,0,72,100,75,14,0,0,77,42,1.264,6,100,0,0,0,0,76,0,23,3.396,0,0,77,100,75,83,3,50,49,1.06,17,0,27,5,73,1,7.815
884,582,934,276,524,421,379,50,100,74,50,74,28,74,75,66,0.623,46,25,62,70,63,74,26,25,49,1.057,26,100,0,32,25,73,25,26,38,1.519,100,100,74,50,75,25,74,26,66,0.527,26,100,50,0,50,27,100,26,47,1.11,17,100,31,100,26,0,37.014
878,927,595,710,190,535,265,27,25,24,0,25,0,25,75,25,1.558,74,29,26,74,26,100,37,40,51,0.678,0,64,26,0,27,86,100,25,41,0.947,0,75,26,26,14,0,0,23,21,3.737,36,100,26,66,13,0,24,0,33,2.02,16,0,25,26,74,1,7.815
812,848,740,420,380,271,529,25,3,96,37,37,25,24,44,36,1.146,39,25,58,75,23,37,5,63,41,0.911,3,56,99,6,36,25,26,25,35,0.958,95,1,4,67,71,16,99,27,48,1.105,5,66,50,85,97,75,75,76,66,0.51,18,96,12,50,20,0,33.433
670,879,851,664,136,525,275,0,0,75,90,79,18,39,68,46,1.033,0,0,100,26,42,23,31,96,40,1.27,0,82,61,100,100,65,0,40,56,0.762,0,0,0,0,0,50,86,0,17,4.882,0,50,21,0,34,70,0,100,34,1.91,17,100,72,36,0,0,37.014
872,613,915,565,235,372,428,56,50,13,83,74,73,13,100,58,0.67,43,58,66,50,26,78,0,26,43,1.049,40,63,0,0,18,50,62,42,34,1.423,14,0,0,12,100,13,80,16,29,2.404,50,74,50,19,85,35,15,100,54,0.87,16,50,42,40,60,0,37.482
913,562,925,511,289,540,260,35,62,90,17,86,91,74,26,60,0.608,0,72,74,18,28,78,6,80,45,1.013,28,75,33,3,2,67,16,19,30,1.625,19,15,98,0,26,21,84,26,36,1.768,27,20,36,26,27,26,24,74,33,2.08,17,75,18,80,76,1,15.945
1127,777,496,462,438,439,261,20,12,0,26,78,20,25,100,35,1.567,100,100,88,100,44,71,10,72,73,0.44,87,15,15,85,0,25,25,6,32,1.45,54,88,0,0,77,11,93,38,45,1.055,74,27,77,34,100,0,0,26,42,1.68,16,12,47,76,25,1,7.815
968,680,752,433,367,510,290,44,76,75,49,77,76,64,51,64,0.904,65,85,74,61,27,15,68,80,59,0.777,76,59,74,11,36,66,11,44,47,1.424,76,36,63,32,76,27,31,26,46,1.18,25,80,2,39,16,43,16,69,36,1.76,17,96,52,31,56,0,40.121
840,921,639,427,373,608,192,38,78,11,19,33,19,72,25,37,1.441,59,81,79,78,28,73,44,14,57,0.761,88,44,75,78,16,23,45,47,52,0.912,66,76,19,19,62,73,44,14,47,1.145,27,32,30,16,17,5,8,57,24,3.17,18,1,50,76,82,1,29.002
967,587,846,294,506,682,118,25,26,100,50,89,99,72,100,70,0.694,75,73,76,40,38,87,26,100,64,0.875,87,50,0,11,0,75,75,50,44,1.647,74,87,85,12,87,73,75,13,63,0.581,26,26,0,0,0,26,26,14,15,5.78,17,0,0,75,12,1,45.892
836,712,852,444,356,518,282,50,14,100,38,83,81,8,11,48,0.836,47,37,44,5,21,100,10,69,42,1.019,50,64,22,37,9,88,5,22,37,1.174,66,75,8,6,86,22,47,46,45,1.247,40,92,62,60,1,25,0,2,35,1.84,17,0,34,12,72,1,36.444
869,606,925,501,299,252,548,50,74,100,74,74,25,25,100,65,0.655,25,25,25,74,74,74,25,75,50,1.064,2,100,26,24,26,74,50,26,41,1.434,24,74,25,28,74,24,26,24,37,1.676,76,74,50,25,73,75,75,100,69,0.46,17,100,23,89,49,0,25.807
821,922,657,373,427,479,321,30,0,100,0,70,0,6,25,29,1.403,15,57,76,0,26,89,64,47,47,0.8,80,69,0,0,0,74,80,50,44,0.89,82,100,100,26,70,26,22,1,53,0.874,46,37,44,71,12,31,2,78,40,1.49,16,0,50,75,75,1,45
840,717,843,511,289,397,403,61,25,96,50,70,75,10,56,55,0.851,24,12,74,18,50,100,50,72,50,1.004,50,77,14,4,26,75,64,50,45,1.172,28,25,6,62,40,41,37,50,36,1.768,33,69,15,30,19,71,90,76,50,0.99,17,100,75,85,90,0,37.482
872,726,802,450,350,529,271,7,2,3,66,92,73,18,66,41,0.905,9,30,25,57,14,89,89,12,41,0.92,14,39,2,13,36,94,14,41,32,1.201,12,90,0,45,86,16,16,85,44,1.286,8,100,76,15,32,8,3,29,34,1.95,17,85,13,26,25,0,37.482
934,385,1081,490,310,450,350,78,90,100,94,100,97,74,13,81,0.356,91,8,69,0,76,91,10,20,46,1.157,0,89,18,0,5,94,10,15,29,2.426,92,96,74,14,2,12,0,20,39,1.581,0,100,59,7,17,94,68,5,44,1.29,17,61,0,98,16,0,45.892
934,590,876,611,189,669,131,24,0,84,90,91,75,10,89,58,0.674,25,35,78,34,70,74,2,69,48,0.938,89,26,8,0,6,73,18,33,32,1.583,100,20,0,4,23,9,20,13,24,3.233,8,32,37,12,29,9,4,0,16,5.11,16,26,26,50,50,1,45
720,820,960,370,330,570,230,61,100,61,14,50,26,0,26,42,0.854,100,26,25,0,12,29,0,74,33,1.333,50,73,100,50,0,50,20,15,45,0.878,14,73,14,26,79,74,50,12,43,1.121,33,0,26,50,34,61,0,26,29,2.48,17,15,26,26,25,1,45
884,903,613,507,293,462,338,36,7,23,6,24,30,42,44,27,1.473,69,28,62,25,69,74,11,61,50,0.693,79,61,6,29,21,68,6,45,39,0.979,18,27,29,28,24,58,81,28,37,1.73,8,75,50,16,76,5,32,76,42,1.37,17,34,54,66,35,1,29.373
1149,640,611,572,228,223,577,91,39,0,100,92,97,19,25,58,1.047,100,100,100,86,26,83,69,88,82,0.532,0,100,97,0,23,0,69,14,38,1.795,100,76,0,0,0,30,0,22,29,2.509,92,100,50,100,41,0,94,100,72,0.39,17,16,0,50,0,0,23.839
674,603,1123,311,489,362,438,37,74,100,66,57,56,34,87,64,0.537,8,2,0,6,5,79,14,74,24,1.666,9,86,14,19,36,81,14,55,39,1.118,90,97,87,31,74,14,94,2,61,0.636,42,26,58,92,27,87,14,92,55,0.83,16,100,39,50,86,0,45
695,796,909,471,329,476,324,36,19,84,79,56,82,34,67,57,0.876,0,31,84,19,18,82,30,84,44,1.308,65,50,11,82,54,88,78,25,57,0.873,37,87,19,65,31,18,58,14,41,1.432,50,84,6,20,68,11,31,54,41,1.47,17,75,0,15,10,0,45
846,701,853,425,375,325,475,50,0,26,50,100,100,26,100,57,0.822,49,50,74,0,0,100,26,100,50,1.008,75,100,0,26,0,75,27,50,44,1.207,100,26,0,26,74,0,75,74,47,1.133,0,100,0,75,50,100,100,50,59,0.68,18,100,26,74,50,0,45
903,708,789,381,419,537,263,50,89,25,0,33,17,90,100,51,0.897,15,62,84,62,21,74,60,37,52,0.874,81,64,20,34,25,26,15,47,39,1.275,88,44,55,7,51,82,87,5,52,0.909,85,24,50,26,16,26,10,26,33,2.04,19,12,4,0,75,1,34.875
1099,504,797,585,215,267,533,73,0,94,63,85,75,1,100,61,0.632,37,79,91,1,91,95,0,100,62,0.725,74,87,0,0,0,0,23,11,24,2.181,11,100,43,0,23,12,26,0,27,2.721,76,99,6,88,21,100,68,75,67,0.5,17,8,55,86,79,1,45
1041,648,711,375,425,219,581,50,87,73,50,50,70,50,63,62,0.911,90,74,76,98,50,75,50,69,73,0.683,25,98,2,50,16,50,50,50,43,1.606,1,50,100,50,50,50,74,50,53,0.882,74,74,50,50,94,50,96,93,73,0.38,17,100,50,98,50,0,37.482
923,579,898,362,438,565,235,48,62,13,50,15,26,53,85,44,0.645,74,52,21,73,15,26,31,32,41,0.973,18,37,6,38,26,65,12,14,27,1.594,97,14,0,54,99,76,73,25,55,0.826,2,88,11,14,26,46,10,38,29,2.4,17,26,77,1,26,1,34.875
911,735,754,418,382,522,278,61,41,0,50,37,59,55,77,48,0.975,34,26,86,25,62,100,19,74,53,0.828,49,74,32,5,6,55,75,19,39,1.239,88,100,70,60,17,14,28,5,48,1.094,49,75,25,19,38,26,24,22,35,1.88,17,22,38,65,78,1,37.482
801,588,1011,476,324,393,407,50,18,98,100,90,87,28,64,67,0.582,26,50,50,1,50,84,13,50,41,1.262,50,89,2,34,16,82,0,50,40,1.362,74,75,10,37,88,9,27,4,41,1.469,0,76,50,59,22,74,38,88,51,0.97,17,100,84,58,100,0,37.482
906,566,928,514,286,487,313,65,76,100,50,75,75,15,100,70,0.61,0,75,87,75,25,75,25,66,54,1.024,100,88,26,27,0,6,25,50,40,1.601,0,75,74,0,0,25,86,26,36,1.797,24,36,50,66,37,50,0,50,39,1.56,17,25,50,74,50,1,7.815
888,660,852,453,347,600,200,35,11,86,70,86,23,80,74,58,0.775,75,70,16,23,82,86,23,38,52,0.959,81,44,8,13,3,70,73,33,41,1.345,75,29,16,65,73,39,26,24,43,1.305,8,72,40,26,5,14,15,20,25,3,17,100,25,40,84,0,34.875
501,895,1004,428,372,674,126,26,0,100,75,100,27,0,26,44,0.891,0,0,75,0,0,0,0,75,19,2.004,0,100,100,75,0,0,100,74,56,0.56,0,74,26,25,73,0,100,74,47,1.151,0,100,0,0,0,26,0,0,16,5.35,18,100,74,50,74,0,7.158
952,696,752,499,301,485,315,39,75,75,37,75,64,26,74,58,0.926,86,74,75,88,75,64,26,25,64,0.79,26,75,26,26,25,75,74,34,45,1.368,88,26,14,26,26,31,75,15,38,1.658,61,25,26,26,26,75,26,50,39,1.54,17,50,13,86,26,1,61.39
674,808,918,468,332,351,449,50,1,100,43,77,16,10,76,47,0.88,25,27,0,74,100,0,0,29,32,1.362,0,66,100,0,75,27,99,14,48,0.834,0,100,80,26,0,0,100,26,42,1.41,26,100,50,98,0,100,0,75,56,0.78,18,100,27,50,0,0,25.128
1156,692,552,660,140,411,389,46,0,100,33,0,7,18,50,32,1.254,13,0,100,85,100,100,31,73,63,0.478,0,96,0,0,32,0,0,18,18,1.671,0,0,0,37,85,0,18,0,18,4.714,0,100,58,66,48,0,30,87,49,1.06,16,100,16,0,39,0,20.034
767,726,907,287,513,647,153,75,9,100,75,57,26,74,35,56,0.8,66,39,62,75,0,26,13,63,43,1.183,15,56,100,89,0,13,88,16,47,1.056,100,100,74,9,75,57,86,12,64,0.559,0,0,75,12,0,0,0,66,19,4.23,17,40,86,74,56,0,45
714,762,924,373,427,428,372,15,68,91,36,50,73,13,50,50,0.825,67,30,26,14,15,74,28,18,34,1.294,44,58,78,23,16,86,15,38,45,0.937,80,75,56,27,84,26,50,29,53,0.874,50,56,50,36,33,76,12,59,47,1.15,19,8,15,50,50,1,11.168
1002,579,819,424,376,363,437,50,0,74,42,100,86,6,89,56,0.707,50,50,97,18,50,61,7,95,54,0.817,5,93,9,11,19,74,1,14,28,1.731,84,85,39,0,38,43,74,13,47,1.128,25,75,50,46,50,38,79,74,55,0.83,18,75,39,87,50,0,45
1056,775,569,497,303,541,259,26,37,50,26,0,50,31,50,34,1.362,100,33,100,100,0,50,44,74,63,0.539,0,50,100,34,35,0,0,26,31,1.363,75,74,0,100,0,22,32,0,38,1.64,0,0,74,28,23,100,0,34,32,2.09,17,0,75,86,100,1,30.429
1037,580,883,515,185,471,329,38,0,14,54,59,65,72,100,50,0.657,27,28,34,28,16,59,31,96,40,0.851,0,100,7,22,0,3,36,14,23,1.788,19,21,20,31,34,0,0,60,23,2.784,0,1,40,82,59,77,8,62,41,1.43,18,85,14,100,50,0,45
798,777,925,353,347,501,299,50,25,100,50,26,0,74,77,50,0.84,0,26,74,0,0,78,26,73,35,1.159,50,26,0,50,50,77,26,50,41,1.027,50,50,0,22,50,100,100,25,50,1.017,24,23,50,76,24,76,0,26,37,1.68,17,100,24,50,76,0,32.005
1075,700,625,453,347,575,225,25,24,75,50,25,24,25,75,40,1.12,75,75,75,75,25,74,24,75,62,0.581,25,50,24,75,0,24,25,0,28,1.536,100,50,25,24,75,24,24,25,43,1.305,25,75,0,75,0,0,0,50,28,2.56,17,25,25,25,50,1,37.482
1028,413,959,497,303,250,550,75,12,100,100,100,75,0,100,70,0.431,13,38,25,88,88,89,25,37,50,0.933,75,37,0,0,0,25,25,13,22,2.489,13,89,13,13,100,0,75,0,38,1.64,88,75,37,100,25,25,100,100,69,0.45,18,88,25,89,50,1,37.482
857,481,1062,497,303,440,360,48,23,99,92,95,50,39,100,68,0.453,2,26,28,5,57,83,0,83,36,1.239,27,100,0,13,2,31,33,21,28,1.782,58,29,50,20,69,0,77,0,38,1.64,86,73,14,28,33,0,35,91,45,1.22,17,100,0,53,18,0,45.892
818,615,967,387,413,291,509,50,73,33,84,74,75,73,73,67,0.636,56,44,56,50,40,50,8,64,46,1.182,74,62,42,42,27,23,57,23,44,1.33,37,58,85,41,64,26,74,28,52,0.937,25,90,57,29,74,50,100,84,64,0.57,17,97,26,97,65,0,37.482
1056,537,1007,597,203,588,212,26,100,100,100,75,0,75,86,70,0.533,62,7,100,0,0,75,36,75,44,0.954,28,33,0,0,30,100,96,12,37,1.966,50,100,13,13,13,0,8,6,25,2.941,100,83,0,0,29,0,0,0,27,2.77,16,95,12,9,87,0,37.482
741,801,858,277,523,468,332,18,13,18,26,34,89,78,85,45,0.934,12,21,36,18,21,92,15,88,38,1.158,16,87,37,3,42,82,75,20,45,0.925,92,92,17,26,75,83,75,63,65,0.53,25,98,6,9,17,48,35,94,42,1.41,16,85,21,89,16,0,37.482
822,744,834,735,65,593,207,22,90,0,74,0,5,12,9,27,0.892,42,0,20,81,0,5,0,30,22,1.015,0,26,0,0,12,0,100,18,20,1.105,17,0,0,18,4,9,0,17,8,11.308,95,20,69,0,10,0,0,13,26,2.86,18,0,26,0,100,1,32.158
889,480,1031,465,335,378,422,11,85,0,100,96,18,89,87,61,0.466,0,16,38,93,0,85,14,9,32,1.16,9,84,0,1,57,0,0,15,21,1.852,92,14,0,0,89,34,84,22,42,1.388,0,100,17,100,14,100,0,91,53,0.9,17,70,78,44,34,0,47.603
1047,622,631,425,375,570,230,50,14,74,64,50,6,28,64,44,0.986,78,78,76,100,50,24,13,0,52,0.603,28,76,14,0,24,4,19,7,22,1.683,50,91,50,18,48,26,89,3,47,1.133,0,71,33,8,17,76,7,18,29,2.48,17,0,34,13,74,1,23.839
749,933,718,509,291,502,298,1,88,0,26,1,25,2,99,30,1.299,23,100,100,0,0,99,0,2,41,0.959,99,0,4,0,0,98,100,74,47,0.803,91,99,0,0,1,1,98,1,36,1.749,0,1,2,99,0,100,0,96,37,1.68,17,86,23,75,40,0,32.005
921,600,879,553,247,576,224,56,34,74,60,66,40,75,36,55,0.683,62,38,79,41,0,60,44,38,45,0.954,6,74,14,18,26,70,18,15,30,1.535,25,28,26,26,33,27,63,19,31,2.239,20,15,38,36,26,0,12,77,28,2.57,17,12,12,0,22,1,34.875
958,751,691,605,195,560,240,28,26,18,35,75,76,24,74,45,1.087,17,84,82,75,14,75,33,85,58,0.721,82,76,17,23,27,26,0,56,38,1.276,17,14,16,11,66,24,38,9,24,3.103,27,75,43,17,40,18,3,17,30,2.33,16,74,13,24,38,1,37.482
642,703,1055,423,377,383,417,8,81,100,14,84,87,22,100,62,0.666,14,16,84,0,16,17,10,84,30,1.643,100,100,0,78,20,0,85,16,50,0.913,0,88,100,13,75,88,0,13,47,1.122,10,94,100,75,0,100,26,12,52,0.92,17,72,25,75,75,0,29.008
713,694,993,381,419,475,325,50,26,100,50,74,50,50,80,60,0.699,24,75,50,24,26,50,13,25,36,1.393,89,50,1,50,14,69,65,36,47,1.027,75,68,74,65,50,50,37,0,52,0.909,50,50,50,23,24,50,2,76,41,1.46,16,74,16,38,50,0,34.875
920,727,753,576,224,674,126,42,86,17,74,18,11,50,15,39,0.965,39,25,83,35,24,80,17,57,45,0.818,76,57,26,26,23,26,0,6,30,1.265,88,26,26,4,53,25,2,0,28,2.571,2,38,5,25,5,0,25,26,16,5.35,17,0,26,75,75,1,45
848,726,726,550,350,675,125,25,25,0,75,24,25,76,100,44,1,74,74,76,75,0,25,0,0,41,0.856,75,75,0,76,0,25,0,25,35,1.168,75,100,25,24,0,26,100,0,44,1.571,0,75,0,0,0,25,25,0,16,5.4,16,0,50,88,50,1,45
1014,623,763,340,460,486,314,74,26,99,26,71,50,71,26,55,0.817,74,50,70,84,28,72,10,92,60,0.752,0,97,27,12,33,80,4,13,33,1.628,89,62,22,50,98,26,74,39,58,0.739,23,91,50,20,60,26,18,26,39,1.55,16,100,31,83,44,0,37.482
953,737,710,279,521,490,310,38,25,100,38,0,75,12,100,49,1.038,0,25,100,86,25,100,42,100,60,0.745,75,100,100,0,0,0,36,14,41,1.293,62,100,0,100,85,100,74,0,65,0.536,0,25,0,85,0,100,0,100,39,1.58,18,100,25,50,50,0,7.815
1023,711,666,294,506,598,202,28,38,77,72,36,52,15,36,44,1.068,26,61,94,67,7,98,79,92,66,0.651,0,69,19,11,15,67,36,20,30,1.439,25,100,70,42,91,74,27,77,63,0.581,15,87,50,15,0,6,21,8,25,2.96,17,20,0,74,0,1,37.482
936,597,867,495,305,541,259,29,92,92,79,99,4,0,100,62,0.689,14,100,86,8,94,14,12,100,54,0.926,2,100,0,1,0,26,90,73,37,1.568,84,7,3,9,100,3,99,0,38,1.623,0,0,59,0,5,95,0,100,32,2.09,18,74,15,74,74,0,26.675
742,643,715,674,426,593,207,0,100,100,50,79,74,9,72,61,0.899,23,26,100,100,0,84,36,100,59,0.964,72,100,80,75,0,50,0,50,53,1.154,0,0,0,0,100,0,100,26,28,1.582,75,0,0,24,26,0,0,82,26,2.86,16,100,22,28,28,0,22.659
698,910,792,610,190,484,316,22,74,73,26,73,16,23,0,38,1.149,26,25,73,75,18,25,0,73,39,1.135,50,22,50,50,24,98,73,50,52,0.767,21,2,100,17,0,25,25,0,24,3.211,100,69,0,2,21,0,50,74,40,1.53,17,26,74,74,73,1,-7.815
829,745,826,446,354,313,487,50,0,13,62,75,76,13,100,49,0.902,9,50,46,50,0,88,33,87,45,0.996,24,100,75,24,20,24,17,50,42,1.113,22,75,63,38,14,24,82,36,44,1.26,40,52,19,88,12,100,100,76,61,0.64,16,24,24,100,0,1,25.369
1044,728,628,533,367,508,292,36,68,10,38,45,13,58,63,41,1.159,69,88,68,75,45,64,29,65,63,0.602,26,86,7,34,14,38,14,40,32,1.434,25,30,59,31,25,33,89,44,42,1.452,11,74,38,36,70,26,11,26,37,1.74,18,0,14,50,63,1,7.815
855,717,828,645,155,527,273,40,10,100,56,13,50,100,50,52,0.866,9,43,50,84,36,63,56,50,49,0.968,78,40,0,54,0,14,100,50,42,1.192,7,36,0,34,34,0,18,26,19,4.161,0,100,0,83,0,12,0,78,34,1.93,17,21,0,75,50,1,34.875
767,715,918,361,439,477,323,85,13,96,71,68,73,18,1,53,0.779,94,15,88,27,1,31,17,34,38,1.197,87,20,26,40,17,14,73,63,43,1.073,91,16,86,36,32,93,15,70,55,0.822,9,14,93,24,75,86,7,15,40,1.48,17,93,20,14,15,0,25.652
1050,587,763,416,384,479,321,50,50,100,0,99,50,50,50,56,0.769,50,75,99,62,0,76,50,74,61,0.727,0,99,26,2,33,50,26,0,30,1.789,23,99,75,50,25,24,50,38,48,1.083,50,22,50,0,50,50,25,74,40,1.49,17,50,0,25,50,0,37.482
968,483,949,527,273,488,312,50,50,100,62,76,83,75,74,71,0.509,0,0,95,50,100,76,0,100,53,0.98,22,74,0,0,26,77,4,50,32,2.004,25,0,60,3,85,0,100,0,34,1.93,100,74,11,50,50,0,2,25,39,1.56,18,100,25,26,75,0,28.554
939,764,697,554,246,566,234,64,18,25,35,32,74,72,11,41,1.096,77,28,78,27,10,77,43,94,54,0.742,4,62,96,14,25,76,10,8,37,1.229,78,14,19,3,75,17,25,15,31,2.252,25,73,29,16,36,4,9,42,29,2.42,17,1,9,36,13,1,45
822,666,912,490,310,517,283,50,33,77,50,53,75,50,50,55,0.73,38,36,20,39,50,45,36,62,41,1.109,29,72,14,40,12,36,57,44,38,1.234,40,42,68,26,26,35,50,23,39,1.581,26,19,50,33,39,34,40,42,35,1.83,17,90,16,86,28,0,37.482
696,600,1004,698,102,646,154,50,100,100,50,2,100,100,50,69,0.598,99,50,0,2,0,0,0,97,31,1.443,100,100,100,0,0,1,1,50,44,1.16,2,0,0,0,100,0,0,0,13,6.843,0,3,50,0,0,50,1,50,19,4.19,16,50,50,50,50,1,43.187
725,769,906,523,277,584,216,42,24,24,50,25,40,24,87,40,0.849,24,88,12,26,25,12,25,50,33,1.25,1,62,26,62,75,24,37,74,45,0.943,50,12,12,63,39,50,26,25,35,1.888,50,25,1,76,26,24,12,2,27,2.7,17,54,58,4,50,1,-6.87
726,1168,506,598,202,501,299,15,34,0,15,16,25,0,55,20,2.308,74,14,30,75,38,73,69,81,57,0.697,87,50,68,60,63,0,100,100,66,0.622,23,74,0,0,23,34,27,21,25,2.96,33,16,89,86,0,0,0,75,37,1.68,16,0,75,0,100,1,31.498
922,745,733,523,277,483,317,27,28,0,53,98,11,2,100,40,1.016,10,74,42,1,65,68,26,100,48,0.795,78,94,0,25,0,14,2,51,33,1.238,7,84,26,0,52,14,74,20,35,1.888,0,59,0,26,92,66,0,74,40,1.52,17,0,39,70,86,1,19.401
881,563,956,519,281,271,529,26,50,100,75,69,74,79,50,65,0.589,11,57,50,25,50,100,24,50,46,1.085,36,100,25,37,14,12,12,50,36,1.565,14,50,2,55,71,0,45,44,35,1.847,59,72,50,65,61,67,68,87,66,0.51,17,100,13,100,22,0,30.429
713,914,773,527,273,717,83,50,60,6,50,5,12,58,99,43,1.182,50,16,66,83,6,34,20,92,46,1.084,100,88,99,74,11,6,38,38,57,0.78,20,82,1,65,1,15,71,18,34,1.93,3,14,0,31,0,4,6,25,10,8.64,17,11,73,50,50,1,34.875
668,876,856,371,429,254,446,31,81,1,50,59,17,0,82,40,1.023,50,50,20,14,10,16,66,39,33,1.281,25,87,8,18,32,85,84,58,50,0.763,91,98,15,43,82,14,0,86,54,0.865,50,100,81,94,20,82,0,19,56,0.57,17,100,50,26,50,0,18.214
823,692,885,272,528,596,204,50,74,24,69,37,92,24,83,57,0.782,24,62,64,6,56,74,19,63,46,1.075,69,30,6,30,0,74,43,93,43,1.189,92,73,39,86,75,22,100,41,66,0.515,17,0,50,19,50,38,15,15,26,2.92,17,87,15,63,68,0,42.447
893,714,893,508,292,421,379,30,62,74,86,26,31,50,74,54,0.8,62,77,25,46,24,28,25,52,42,1,26,88,76,25,29,87,25,29,48,1.251,14,45,74,13,47,44,17,38,37,1.74,33,80,25,25,26,84,30,76,47,1.11,17,12,25,12,25,1,7.815
813,805,782,462,338,440,360,50,0,61,50,50,50,50,50,45,1.029,29,50,50,50,50,50,50,50,47,0.962,62,36,14,50,35,62,57,50,46,1.01,39,50,50,26,50,50,50,23,42,1.367,40,50,50,50,50,20,50,50,45,1.22,17,84,58,68,94,0,47.626
807,648,945,399,401,401,399,53,26,38,31,75,79,41,89,54,0.686,14,20,81,42,18,32,24,56,36,1.171,38,87,2,36,12,46,0,59,35,1.245,99,81,75,12,71,25,25,13,50,0.995,8,97,75,36,25,91,26,41,50,1.01,17,0,26,0,14,1,2.095
949,665,786,423,377,188,612,50,7,75,73,94,100,0,50,56,0.846,16,74,100,16,76,100,6,75,58,0.828,73,72,24,24,0,31,50,40,39,1.427,4,50,100,20,77,28,75,23,47,1.122,26,100,50,87,89,74,100,86,77,0.31,17,86,10,87,50,0,45
805,569,1026,707,93,410,390,90,50,34,80,66,100,37,100,70,0.555,4,55,50,0,50,97,27,48,41,1.275,33,100,46,40,15,52,32,8,41,1.415,37,0,39,0,11,3,0,3,12,7.602,4,99,50,60,67,50,50,10,49,1.05,16,30,4,37,79,1,45
863,732,905,400,300,411,389,25,26,26,50,100,75,26,100,54,0.809,75,26,0,50,63,60,25,50,44,1.049,0,100,0,87,0,25,0,74,36,1.179,100,26,74,0,0,25,74,27,41,1.333,0,74,50,75,25,100,0,65,49,1.06,17,0,26,0,0,1,43.187
1256,492,652,291,509,402,398,88,24,6,88,87,85,12,43,54,0.755,100,88,100,86,58,90,24,35,73,0.519,0,62,12,0,11,25,0,15,16,2.553,100,100,64,26,75,84,36,24,64,0.572,74,85,50,25,38,25,40,61,50,1.01,17,0,10,100,25,1,23.749
1148,616,636,528,372,354,346,0,26,26,50,50,50,72,50,41,0.969,50,74,86,28,0,100,73,77,61,0.554,0,50,0,0,0,72,68,50,30,1.864,75,0,0,74,65,66,76,16,47,1.419,0,92,11,49,69,50,0,75,43,1.02,17,72,25,0,50,0,24.037
753,733,914,537,263,265,535,43,15,100,63,74,38,26,63,53,0.802,25,41,64,0,26,38,25,89,39,1.214,100,42,0,25,0,75,38,75,44,1.027,25,25,0,50,100,0,37,26,33,2.042,100,88,44,26,14,88,88,87,67,0.5,16,100,25,100,100,0,34.875
1000,586,814,509,291,408,392,36,73,100,75,100,83,21,30,65,0.72,53,45,85,66,47,80,28,100,63,0.814,34,88,0,23,0,63,75,21,38,1.706,16,49,23,25,52,38,77,11,36,1.749,27,83,56,26,23,37,76,64,49,1.04,17,97,0,81,18,0,34.875
987,645,768,551,249,558,242,50,100,0,63,75,24,0,100,52,0.84,50,14,73,85,50,75,22,75,56,0.778,80,50,0,64,12,0,26,25,32,1.53,38,86,88,0,25,12,0,0,31,2.213,0,88,77,0,32,9,10,26,30,2.31,17,0,50,20,76,1,18.598
689,918,793,443,357,274,526,8,11,100,50,15,75,0,50,39,1.158,12,17,75,13,24,81,68,26,40,1.151,13,50,84,37,31,62,100,50,53,0.751,15,96,100,44,18,9,0,75,45,1.241,83,100,27,16,0,100,100,100,66,0.52,17,74,26,50,50,0,38.437
926,836,638,449,351,489,311,50,0,100,50,26,28,25,25,38,1.31,0,39,100,100,26,74,27,100,58,0.689,58,61,22,30,28,65,50,26,43,1.108,23,75,9,50,61,0,100,33,44,1.279,0,72,50,16,24,50,0,99,39,1.57,17,18,26,0,50,1,37.482
836,732,832,496,304,315,485,62,38,87,26,74,33,76,35,54,0.88,50,36,75,81,26,66,8,57,50,0.995,67,89,25,34,25,33,50,40,45,1.142,17,41,25,74,50,15,73,9,38,1.632,50,87,23,74,50,84,92,25,61,0.65,18,53,10,100,50,1,45
990,766,644,511,289,568,232,50,16,0,50,62,26,38,58,38,1.189,82,40,86,55,50,93,50,0,57,0.651,41,66,100,0,0,9,0,50,33,1.292,64,12,56,26,58,50,11,12,36,1.768,34,50,37,0,14,21,13,63,29,2.45,17,9,37,0,39,1,37.482
978,485,937,385,415,248,552,47,43,80,92,81,64,33,100,68,0.518,82,70,27,30,74,31,83,6,50,0.958,24,31,25,34,23,57,11,20,28,2.016,87,81,61,29,74,32,19,32,52,0.928,100,77,35,0,57,85,98,100,69,0.45,17,0,64,97,50,1,7.815
852,669,879,250,550,459,341,50,39,93,50,31,84,50,50,56,0.761,26,50,76,38,41,60,24,53,46,1.032,18,83,16,43,58,50,4,44,40,1.274,86,84,74,50,94,41,79,42,69,0.455,50,81,50,15,9,34,22,80,43,1.35,18,100,6,93,28,0,35.651
765,777,858,460,340,389,411,62,0,100,27,75,24,27,50,46,0.906,0,50,98,17,0,37,7,98,38,1.122,50,99,0,16,26,17,84,50,43,0.985,0,82,1,0,95,62,100,0,43,1.353,50,50,99,26,5,88,4,89,51,0.95,19,26,27,74,63,1,37.482
994,574,832,476,324,533,267,38,100,0,26,100,50,15,50,47,0.69,19,26,100,0,1,100,1,100,43,0.837,26,100,0,0,0,27,0,0,19,1.732,26,100,14,15,25,31,100,13,41,1.469,50,0,50,25,50,92,0,0,33,2,17,35,7,38,8,0,37.482
1012,743,645,629,171,651,149,53,0,0,39,34,46,0,59,29,1.152,68,28,75,100,0,65,50,0,48,0.637,25,59,9,27,0,22,0,32,22,1.362,17,69,11,14,9,16,18,17,21,3.678,0,100,0,0,25,0,4,20,19,4.37,16,0,26,0,48,1,34.875
638,850,912,700,100,513,287,50,26,100,74,0,50,0,50,44,0.932,0,15,0,50,0,23,50,100,30,1.429,50,100,26,100,74,0,0,50,50,0.751,0,26,0,22,0,0,26,26,13,7,75,0,50,26,10,26,0,100,36,1.79,17,0,50,18,50,1,45
769,714,917,347,453,210,590,50,77,73,69,75,50,50,50,62,0.779,50,50,74,24,50,50,50,29,47,1.192,26,50,50,50,82,50,50,50,51,1.077,75,50,50,50,75,27,76,50,57,0.766,71,97,98,50,76,50,73,75,74,0.36,17,100,50,50,75,0,37.482
1003,538,859,602,198,466,334,62,74,100,50,74,31,66,50,63,0.626,50,15,91,86,25,82,25,74,56,0.856,15,75,26,0,40,34,15,40,31,1.864,25,26,37,14,26,26,25,19,25,3.04,25,26,48,38,54,54,50,39,42,1.4,17,38,38,39,74,1,45
975,664,761,502,298,149,651,0,72,95,70,73,29,30,78,56,0.873,76,23,93,93,2,71,30,98,61,0.781,22,95,0,24,2,74,21,73,39,1.468,71,1,75,0,23,4,98,26,37,1.685,70,54,96,70,95,93,76,97,81,0.23,17,0,28,96,95,1,37.482
844,662,894,446,354,614,186,50,4,82,50,75,50,39,74,53,0.74,29,50,97,26,50,3,50,25,41,1.059,5,75,4,50,50,24,28,50,36,1.275,4,100,0,0,50,74,100,26,44,1.26,24,8,3,25,50,24,2,50,23,3.3,18,98,25,74,70,0,37.482
1027,804,569,452,348,354,446,72,0,99,9,14,83,1,50,41,1.413,63,95,98,92,8,50,77,76,70,0.554,50,98,11,13,50,35,25,50,42,1.277,0,1,100,96,96,39,13,3,44,1.299,72,86,84,9,50,0,49,96,56,0.79,16,100,5,50,74,0,35.51
1095,747,558,421,379,470,330,26,25,12,47,6,74,28,88,38,1.339,76,89,74,100,45,100,0,64,69,0.51,23,74,30,2,0,23,37,64,32,1.466,26,0,100,0,50,75,41,87,47,1.111,9,64,47,0,58,64,0,88,41,1.42,17,15,50,50,88,1,37.482
931,624,845,502,298,368,432,37,79,85,65,48,18,83,37,57,0.738,67,73,46,31,21,66,35,68,51,0.908,39,77,0,24,5,73,16,42,35,1.492,75,69,32,27,31,24,20,20,37,1.685,78,18,61,34,62,19,94,66,54,0.85,16,87,20,92,46,0,31.855
690,921,789,501,299,622,178,50,0,87,50,64,26,14,86,47,1.167,50,50,62,62,50,50,0,64,49,1.143,50,76,100,50,14,73,85,50,62,0.749,50,50,25,26,22,50,50,26,37,1.676,0,50,50,10,28,15,25,0,22,3.49,17,50,50,63,50,1,-7.815
850,951,599,435,365,650,150,25,74,0,12,50,26,50,50,36,1.588,89,50,74,74,12,88,13,88,61,0.705,74,88,75,12,25,87,13,64,55,0.894,62,50,39,38,62,50,38,26,46,1.192,38,12,31,13,12,25,0,19,19,4.33,17,74,50,25,50,0,45
1004,646,750,368,432,439,361,50,75,14,85,74,24,26,74,53,0.861,55,62,60,73,38,85,24,75,59,0.747,33,71,16,27,18,28,50,25,34,1.554,59,50,76,80,86,14,50,17,54,0.852,50,91,83,26,37,33,15,26,45,1.22,17,0,70,39,80,1,30.188
978,657,765,359,441,371,429,29,76,86,56,41,41,35,26,49,0.859,26,36,70,70,18,87,59,59,53,0.782,26,56,35,7,10,22,74,17,31,1.489,30,90,66,56,74,34,83,8,55,0.814,65,84,49,91,30,14,14,82,54,0.86,17,79,19,63,69,0,51
761,1202,537,363,337,414,386,24,32,0,50,0,5,37,61,26,2.238,22,35,93,50,50,97,64,61,59,0.706,92,77,60,50,14,50,99,69,64,0.633,37,0,38,2,97,71,90,2,42,1.077,72,4,37,64,8,85,24,92,48,1.07,17,9,50,75,50,1,37.482
753,741,906,446,354,565,235,26,76,78,74,27,76,28,75,58,0.818,25,28,75,73,2,74,2,75,44,1.203,75,76,25,24,24,74,75,28,50,1.016,25,75,90,26,75,11,26,26,44,1.26,80,28,26,26,27,24,24,0,29,2.4,17,2,99,74,26,1,37.093
1113,632,655,489,311,452,348,46,13,84,50,77,40,20,50,48,0.965,79,84,81,87,0,94,12,88,66,0.588,26,93,0,0,18,0,50,25,27,1.761,50,100,11,7,50,36,50,7,39,1.572,50,75,29,4,39,29,39,83,44,1.3,17,50,50,77,57,0,39.56
859,983,558,568,232,581,219,50,0,0,13,0,26,8,35,17,1.762,0,26,74,74,26,74,0,100,47,0.65,39,27,36,74,0,87,13,39,39,0.874,0,46,26,26,0,9,100,25,29,2.448,0,0,50,100,26,0,17,26,27,2.65,17,17,59,1,98,1,37.482
739,878,783,450,350,256,544,50,6,100,50,76,0,36,100,52,1.121,25,37,88,94,6,50,40,95,54,1.06,78,85,76,50,0,89,68,50,62,0.842,50,50,50,22,66,74,14,24,44,1.286,72,95,50,96,50,81,50,50,68,0.47,17,85,50,100,75,0,15.164
844,727,829,373,427,371,429,46,40,81,57,63,42,15,50,49,0.877,59,50,31,50,7,91,50,27,46,0.982,74,100,12,13,39,21,34,28,40,1.161,90,74,36,27,82,32,69,17,53,0.874,74,69,64,74,25,31,4,88,54,0.86,16,0,17,8,65,1,37.482
747,906,747,434,366,513,287,58,25,0,21,82,32,42,26,36,1.213,74,27,46,9,50,62,34,37,42,1,0,83,26,26,68,80,70,39,49,0.825,15,74,8,100,87,26,3,53,46,1.186,67,86,50,10,40,13,0,21,36,1.79,18,0,38,0,74,1,37.482
964,647,789,434,366,240,560,37,38,98,50,73,39,35,28,50,0.82,26,42,59,28,39,39,26,50,39,0.818,70,28,16,18,21,30,28,50,33,1.49,71,93,0,41,61,36,60,4,46,1.186,98,50,50,83,64,70,73,72,70,0.43,17,84,10,91,50,0,7.815
973,583,844,530,270,580,220,30,65,80,66,73,35,97,73,65,0.691,12,86,96,71,26,96,20,68,59,0.867,0,70,4,10,2,87,100,29,38,1.669,16,67,11,0,9,70,97,0,34,1.963,4,0,57,42,0,14,3,100,28,2.64,17,64,28,77,81,0,17.969
894,679,827,403,397,326,474,69,0,39,74,90,75,19,50,52,0.821,50,77,74,25,17,81,43,22,49,0.925,47,100,8,32,0,21,44,43,37,1.317,15,100,15,26,77,23,67,74,50,1.015,50,91,50,86,83,66,0,48,59,0.69,18,17,26,14,25,1,43.758
914,700,786,310,490,463,337,43,10,40,97,93,48,20,92,55,0.891,66,60,94,6,52,44,40,95,57,0.86,69,48,16,60,21,29,52,48,43,1.306,94,87,76,46,57,81,31,18,61,0.633,17,72,47,21,22,60,2,96,42,1.37,17,100,16,89,40,0,24.567
832,531,1037,535,265,471,329,50,99,100,99,27,74,72,100,78,0.512,5,50,100,2,27,50,50,100,48,1.246,72,50,0,27,27,50,76,50,44,1.567,0,29,73,7,50,29,27,50,33,2.019,24,74,50,74,26,2,29,50,41,1.43,16,100,16,63,50,0,37.482
801,674,925,482,318,355,445,4,0,6,66,100,6,97,66,43,0.729,0,38,30,11,0,26,15,100,28,1.155,37,35,0,4,0,60,56,27,27,1.188,80,92,0,9,75,19,19,24,40,1.516,22,98,50,97,24,34,28,92,56,0.8,17,100,25,30,25,0,35.957
824,737,839,439,361,589,211,34,5,6,94,17,17,95,30,37,0.878,0,38,30,40,5,96,0,50,32,1.018,30,43,5,9,29,39,68,12,29,1.118,44,100,0,0,94,12,80,31,45,1.216,0,68,41,7,5,90,0,0,26,2.79,17,4,26,0,78,1,38.437
829,919,652,329,471,272,528,89,16,69,60,62,25,39,72,54,1.41,50,29,62,100,61,65,39,63,59,0.786,50,79,66,50,66,16,73,22,53,0.902,71,24,62,50,58,91,89,26,59,0.699,50,100,79,100,60,3,37,89,65,0.52,18,74,27,82,50,1,49.319
999,530,871,436,364,430,370,83,12,77,28,82,100,34,72,61,0.608,14,36,100,50,50,85,0,82,52,0.872,8,90,12,45,7,19,11,26,27,1.885,50,81,24,12,89,16,65,27,46,1.198,22,72,34,72,11,68,70,21,46,1.16,17,16,19,88,20,1,25.807
762,503,1135,467,333,417,383,94,0,100,69,100,90,24,83,70,0.443,7,73,17,12,43,13,35,25,28,1.49,11,58,15,0,0,81,84,14,33,1.515,11,100,11,73,26,7,18,87,42,1.402,76,87,62,75,45,0,38,0,48,1.09,17,9,15,26,84,1,19.401
971,618,811,534,266,495,305,50,33,76,87,33,19,41,50,49,0.762,12,50,32,86,38,83,50,27,47,0.835,12,71,12,0,62,26,0,24,26,1.571,24,73,23,56,19,22,27,22,33,2.008,16,72,46,69,27,30,0,45,38,1.62,17,0,64,0,66,1,37.482
774,677,949,536,264,456,344,34,22,74,25,81,25,87,100,56,0.713,6,81,89,25,26,30,16,26,37,1.226,24,87,14,26,26,28,74,46,41,1.143,2,26,24,1,26,75,84,26,33,2.03,86,26,38,24,15,70,2,83,43,1.33,18,0,24,0,25,1,-3.475
888,804,708,527,273,250,550,87,0,100,64,11,8,26,91,48,1.136,13,11,86,86,50,85,79,69,60,0.797,5,87,85,20,24,20,100,50,49,1.104,15,86,12,11,14,73,50,12,34,1.93,87,80,19,76,90,98,0,100,69,0.45,17,100,13,50,27,0,14.621
860,628,912,318,482,487,313,50,53,90,66,40,28,98,74,62,0.689,97,24,2,52,50,75,24,63,48,1.06,28,84,21,3,50,36,90,15,41,1.369,100,74,75,73,35,85,16,24,60,0.66,15,27,50,67,50,50,4,50,39,1.56,16,82,32,15,45,0,45
964,640,796,275,525,253,547,50,27,100,50,72,70,60,50,60,0.804,86,50,82,80,50,78,19,38,60,0.826,35,63,8,70,35,35,23,50,40,1.506,87,68,82,66,77,33,83,29,66,0.524,83,86,50,76,20,81,88,63,68,0.46,17,100,14,100,50,0,37.482
1041,764,595,609,291,289,411,47,17,13,62,100,25,0,59,40,1.284,0,91,100,92,0,100,58,87,66,0.572,0,57,100,0,0,50,0,80,36,1.363,12,50,80,25,0,0,74,0,30,2.093,100,50,28,0,96,83,14,90,58,0.7,17,75,0,21,0,1,32.905
893,793,714,345,455,586,214,29,0,39,88,39,0,96,32,40,1.111,90,0,80,100,13,94,23,9,51,0.8,0,97,9,14,0,87,9,100,40,1.126,96,33,44,90,80,16,89,7,57,0.758,8,41,29,100,19,0,0,17,27,2.74,17,29,20,0,27,1,22.184
748,688,964,505,295,405,395,44,74,100,74,74,81,39,31,65,0.714,20,70,74,0,58,42,14,75,44,1.289,76,80,82,25,20,82,23,17,51,1.087,74,89,26,36,15,20,20,15,37,1.712,63,26,42,27,35,21,88,93,49,1.03,17,100,26,88,80,0,37.482
1000,748,652,420,380,440,360,50,24,50,50,50,46,50,32,44,1.147,50,50,100,100,50,50,50,50,63,0.652,0,100,39,50,0,50,50,11,38,1.337,50,50,50,50,50,30,50,50,48,1.105,38,51,50,50,50,50,50,21,45,1.22,17,74,11,74,25,0,23.839
910,659,831,498,302,523,277,50,29,75,71,71,34,58,80,59,0.793,50,29,73,29,50,66,41,99,55,0.913,50,50,1,50,50,50,26,50,41,1.381,75,25,2,3,67,30,50,50,38,1.649,28,27,50,50,50,0,22,50,35,1.89,18,50,21,0,50,1,36.254
1073,720,607,365,435,482,318,33,0,100,25,67,15,74,56,46,1.186,75,42,100,84,50,100,25,87,70,0.566,77,75,0,0,0,88,0,50,36,1.49,23,100,70,12,88,38,100,4,54,0.839,0,100,50,0,36,32,0,100,40,1.52,17,100,32,74,57,0,38.437
1001,552,847,362,438,412,388,13,100,100,24,100,90,50,94,71,0.652,100,100,74,0,10,100,76,64,66,0.846,50,100,18,0,35,89,25,6,40,1.813,100,25,38,100,50,100,25,0,55,0.826,0,88,26,100,11,88,0,75,49,1.06,17,100,19,59,50,0,37.482
741,587,972,828,72,470,330,0,75,88,74,50,50,70,54,58,0.604,0,0,72,13,50,73,18,63,36,1.312,41,100,53,27,15,31,50,31,44,1.262,18,0,0,50,0,0,4,0,9,11.5,89,78,34,69,0,44,16,0,41,1.42,18,0,50,27,80,1,25.828
782,869,649,452,348,710,190,25,24,94,27,74,25,25,72,46,1.339,69,74,25,76,25,3,74,74,53,0.83,77,98,24,77,5,27,77,50,54,0.9,98,26,2,0,74,50,74,24,44,1.299,0,28,3,98,2,27,3,26,23,3.74,17,100,77,74,73,0,34.875
1085,518,797,692,108,269,531,66,31,100,50,95,64,50,22,60,0.65,9,55,62,50,96,96,88,25,60,0.735,14,44,17,19,5,75,3,19,25,2.095,10,47,0,5,18,5,13,10,14,6.407,0,97,38,89,66,50,100,91,66,0.51,17,90,41,81,67,0,37.482
755,706,939,569,231,419,381,40,66,82,86,61,35,12,79,58,0.752,0,13,61,0,64,74,24,86,40,1.244,39,100,74,40,0,74,13,27,46,1.069,12,90,64,26,0,0,13,26,29,2.463,60,60,50,76,39,13,12,71,48,1.1,16,0,50,75,87,1,34.875
637,621,1042,723,177,511,289,39,77,81,47,97,16,17,100,59,0.596,16,25,25,90,22,23,22,9,29,1.636,7,94,0,0,3,33,97,61,37,1.026,80,4,48,6,2,23,0,14,22,4.085,100,40,55,18,45,11,12,8,36,1.77,18,4,50,4,31,1,23.59
823,705,872,645,155,426,374,66,36,100,34,74,26,0,74,51,0.808,0,74,0,86,100,37,0,41,42,1.06,0,75,14,36,13,75,63,39,39,1.167,36,26,14,26,26,0,27,0,19,4.161,88,26,26,0,74,34,26,100,47,1.14,18,50,26,0,74,1,34.875
909,709,782,441,359,625,175,32,73,96,35,7,29,18,65,44,0.907,15,72,15,64,26,82,13,86,47,0.86,27,74,15,17,10,9,77,35,33,1.282,5,77,96,0,78,8,79,16,45,1.228,13,28,13,4,7,13,0,97,22,3.57,18,85,20,74,73,0,37.482
924,586,890,495,305,507,293,63,79,12,88,35,25,31,98,54,0.658,2,25,37,61,37,50,50,79,43,0.963,8,50,18,36,27,13,27,38,27,1.577,89,92,16,30,27,25,10,16,38,1.623,75,74,50,90,4,0,0,0,37,1.73,16,4,87,5,89,1,7.815
824,620,956,478,322,412,388,48,74,58,53,64,50,63,47,57,0.649,36,47,62,26,25,38,26,47,38,1.16,74,75,11,13,0,67,38,52,41,1.329,24,73,0,26,74,0,62,63,40,1.484,37,74,53,24,55,52,45,48,49,1.06,18,87,25,63,38,0,45
1089,494,817,419,381,390,410,40,79,88,70,91,31,46,71,65,0.605,81,62,84,70,25,83,14,80,62,0.75,39,74,13,0,20,18,10,36,26,2.204,32,85,89,34,14,74,34,19,48,1.1,42,33,50,71,22,77,41,74,51,0.95,17,100,14,35,58,0,37.482
841,601,958,481,319,404,396,85,100,0,10,50,59,34,100,55,0.627,0,82,83,0,0,100,0,15,35,1.139,50,100,0,50,0,39,0,0,30,1.399,16,100,25,26,42,35,75,0,40,1.508,50,100,18,50,12,75,50,41,50,1.02,17,100,0,100,50,0,37.014
723,999,678,480,320,353,447,29,0,50,50,0,24,72,33,32,1.473,0,33,85,12,50,73,77,50,48,0.938,42,69,88,74,0,84,50,50,57,0.724,36,85,0,37,74,74,0,14,40,1.5,0,74,50,84,99,50,0,90,56,0.79,16,83,19,27,50,0,35.206
821,616,963,583,217,498,302,58,67,94,84,86,46,61,63,70,0.64,9,40,59,27,37,100,43,81,50,1.173,69,76,38,0,32,65,29,66,47,1.333,34,5,59,35,43,13,17,11,27,2.687,26,75,37,24,32,29,61,18,38,1.65,17,91,5,61,28,0,34.875
535,860,1005,549,251,787,13,21,21,100,51,28,50,96,73,55,0.856,2,25,32,1,50,100,0,25,29,1.879,75,100,0,100,75,50,50,50,63,0.622,3,0,0,25,0,100,50,73,31,2.187,0,0,7,0,0,0,3,3,2,60.54,16,73,51,27,74,0,34.875
932,765,703,483,317,657,143,46,35,37,50,47,50,36,50,44,1.088,50,50,84,60,16,66,34,88,56,0.754,50,78,60,29,23,25,6,45,40,1.218,50,58,54,0,64,24,58,9,40,1.524,19,9,25,0,4,46,3,37,18,4.59,16,50,24,37,47,0,37.482
860,640,900,274,526,357,443,47,58,82,22,67,82,8,64,54,0.711,2,62,88,7,0,96,34,41,41,1.047,17,63,3,10,0,58,72,47,34,1.344,86,78,100,37,93,11,90,31,66,0.521,88,90,55,26,64,37,56,27,55,0.81,17,81,58,100,50,0,37.394
830,648,922,390,410,270,530,50,74,79,26,66,34,26,88,55,0.703,100,16,12,5,50,86,26,26,40,1.111,45,74,0,12,20,74,16,50,36,1.281,27,34,100,50,12,82,96,9,51,0.951,86,75,38,100,100,74,43,14,66,0.51,18,24,26,86,75,1,37.482
1114,458,828,432,368,309,491,36,72,100,41,82,86,85,50,69,0.553,69,44,100,33,43,100,66,69,66,0.743,26,100,0,0,17,42,25,0,26,2.432,70,43,96,19,40,0,100,0,46,1.174,53,71,22,77,38,30,100,100,61,0.63,18,16,0,100,0,1,40.073
870,627,903,517,283,306,494,9,0,100,74,100,99,0,75,57,0.694,10,25,89,0,37,95,5,93,44,1.038,67,75,4,37,0,0,86,15,36,1.388,2,100,12,5,74,90,0,0,35,1.827,100,74,67,75,9,94,0,75,62,0.62,16,100,50,26,50,0,33.822
726,803,871,453,347,482,318,50,24,24,98,2,50,75,97,53,0.922,27,74,50,76,23,73,2,24,44,1.2,75,97,99,1,1,50,2,98,53,0.904,99,50,3,0,95,95,4,1,43,1.305,1,98,96,98,0,0,2,23,40,1.52,17,99,73,26,50,0,45.179
870,795,735,445,355,588,212,30,5,0,20,0,6,78,100,30,1.082,0,86,23,0,0,100,0,95,38,0.845,73,19,0,0,5,16,100,21,29,1.094,10,93,80,76,96,0,0,0,44,1.254,100,0,8,5,96,0,0,3,27,2.77,18,0,74,50,50,1,38.172
835,739,826,690,110,609,191,0,13,100,50,0,75,74,74,48,0.895,50,74,100,0,10,100,0,26,45,0.989,50,78,0,0,0,74,73,50,41,1.13,0,24,24,23,7,0,6,26,14,6.273,13,76,50,26,0,14,0,12,24,3.19,17,74,25,14,50,0,38.437
875,895,630,480,320,344,456,30,74,100,50,50,24,15,42,48,1.421,82,100,82,100,50,91,0,32,67,0.72,13,40,82,0,13,100,50,100,50,0.978,74,61,9,0,22,100,20,34,40,1.5,0,74,0,100,0,100,100,82,57,0.75,18,87,60,25,50,0,32.158
962,820,618,373,427,632,168,38,88,0,100,26,0,11,100,45,1.327,50,16,64,100,100,91,35,89,68,0.642,74,16,100,28,0,26,73,66,48,1.173,89,100,0,26,64,81,67,0,53,0.874,50,38,24,24,0,32,0,0,21,3.76,17,7,92,64,100,1,23.839
1040,806,554,617,183,509,291,38,3,14,65,3,86,1,25,29,1.455,50,66,100,5,2,97,73,88,60,0.533,26,86,0,14,3,12,3,97,30,1.29,50,26,63,2,14,11,15,2,23,3.372,2,97,38,2,2,73,3,74,36,1.75,17,100,4,50,26,0,28.726
952,825,623,427,373,598,202,50,0,74,50,0,24,26,100,41,1.324,25,100,50,100,50,50,50,76,63,0.654,100,25,24,50,50,0,50,50,44,1.154,100,23,0,0,50,50,100,50,47,1.145,50,0,0,0,1,100,1,50,25,2.96,16,50,50,0,51,1,26.672
870,697,833,262,538,319,481,74,5,92,83,31,25,65,33,51,0.837,84,18,60,27,5,100,11,70,47,0.957,16,71,6,12,7,79,73,41,38,1.248,89,73,98,42,67,69,27,73,67,0.487,32,100,50,20,30,82,100,67,60,0.66,17,81,28,82,31,0,34.875
445,1095,860,529,271,687,113,7,66,0,32,74,21,9,88,37,1.273,29,22,28,9,8,76,3,62,30,1.933,87,83,99,64,13,82,75,89,74,0.406,12,85,34,29,2,89,8,12,34,1.952,10,34,42,0,8,7,0,12,14,6.08,17,74,26,66,96,0,34.875
988,624,788,400,400,517,283,18,71,15,17,84,88,16,87,50,0.792,84,31,85,20,26,38,42,82,51,0.798,14,100,4,26,25,14,10,27,28,1.583,91,75,74,16,85,18,17,24,50,1,12,74,34,16,26,94,10,17,35,1.83,17,34,15,26,44,0,28.46
796,701,903,382,418,453,347,0,40,100,24,75,86,75,100,63,0.776,76,79,74,0,32,27,34,75,50,1.134,76,75,74,25,26,40,35,50,50,1.136,75,13,88,50,75,92,25,0,52,0.914,8,99,50,50,15,50,0,75,43,1.31,17,100,25,25,24,0,37.482
1026,776,598,775,25,600,200,50,0,100,50,0,0,25,25,31,1.298,0,50,100,50,26,100,26,100,57,0.583,0,50,0,26,0,75,50,25,28,1.322,0,0,0,0,0,0,25,0,3,31,50,0,50,100,0,0,0,0,25,3,17,11,0,75,50,1,7.815
951,656,793,445,355,595,205,26,97,98,29,74,96,2,97,65,0.827,99,100,27,75,26,74,25,100,66,0.834,97,96,0,74,0,6,28,74,47,1.45,97,28,73,2,74,73,3,5,44,1.254,2,24,4,75,2,98,0,0,26,2.9,18,0,25,27,26,1,41.504
1215,495,690,713,87,427,373,0,77,100,0,100,100,0,100,60,0.717,72,14,100,100,73,100,28,100,73,0.568,0,100,0,0,0,72,0,0,22,2.455,0,30,29,0,0,0,28,0,11,8.195,0,100,0,0,0,100,73,100,47,1.14,17,14,0,100,0,1,34.875
958,369,1073,406,394,432,368,84,26,100,74,79,87,80,77,76,0.344,10,86,13,50,7,82,29,57,42,1.12,24,75,15,5,32,14,0,11,22,2.596,87,58,58,15,50,20,98,8,49,1.03,20,91,50,22,44,69,22,50,46,1.17,17,54,0,100,12,0,33.622
876,379,1145,400,400,400,400,100,98,0,100,0,100,100,100,75,0.331,100,0,25,0,100,26,100,0,44,1.307,0,100,75,0,0,98,0,0,34,2.311,100,0,0,0,100,100,100,0,50,1,100,0,0,100,100,0,0,100,50,1,18,0,100,0,100,1,45
680,550,1170,398,402,412,388,50,74,100,74,92,50,72,62,72,0.47,15,26,38,0,26,86,0,13,26,1.721,26,88,3,14,16,91,75,11,41,1.236,100,86,8,75,26,17,64,26,50,0.99,100,3,50,47,37,50,7,94,49,1.06,17,15,8,50,25,0,37.482
683,707,1010,309,391,444,456,72,24,94,50,77,96,27,50,61,0.7,28,50,50,25,25,25,0,77,35,1.479,74,72,50,50,2,50,24,75,50,0.966,93,52,28,25,69,50,76,50,55,0.79,74,26,50,4,50,74,76,50,51,0.97,17,78,48,94,50,0,51.17
1042,585,773,524,276,487,313,12,84,100,84,38,48,58,48,59,0.757,10,93,86,54,6,91,62,97,62,0.742,91,92,0,4,5,14,6,45,32,1.781,58,9,77,24,10,22,75,1,35,1.899,58,79,50,24,2,2,2,96,39,1.56,17,89,16,11,26,0,23.986
851,634,815,562,238,369,431,50,25,88,0,31,50,50,100,49,0.778,12,28,74,32,50,63,50,70,47,0.958,25,36,72,26,12,50,50,57,41,1.342,25,50,26,25,29,38,28,17,30,2.361,82,50,47,50,39,50,28,85,54,0.86,17,2,17,74,50,1,32.563
909,536,955,462,338,400,400,50,77,99,50,76,82,35,77,68,0.561,4,27,99,32,26,98,28,77,49,1.051,50,50,7,24,25,26,50,50,35,1.696,30,50,76,50,52,3,3,74,42,1.367,77,50,74,50,24,50,50,25,50,1,17,50,50,50,50,0,31.164
759,780,861,379,421,307,493,50,50,100,15,100,30,32,50,53,0.906,71,35,39,0,50,73,0,98,46,1.134,28,100,73,50,50,6,50,50,51,0.973,100,100,0,50,31,40,50,50,53,0.9,0,70,100,73,50,100,50,50,62,0.62,17,100,51,25,50,0,34.359
913,667,820,383,417,381,419,50,28,83,43,49,51,50,73,53,0.813,47,42,42,75,21,87,45,48,51,0.898,37,67,39,10,18,35,50,38,37,1.369,44,66,42,50,45,70,65,35,52,0.918,54,58,50,59,50,46,21,81,52,0.91,17,85,36,89,82,0,21.038
620,733,1047,570,230,488,312,12,90,100,50,32,28,41,100,57,0.7,19,40,43,0,0,37,6,61,26,1.689,96,55,17,7,1,80,90,40,48,0.846,4,81,0,32,55,14,17,27,29,2.478,4,100,20,77,15,91,0,5,39,1.56,18,100,75,25,100,0,41.055
881,652,867,479,321,438,362,50,63,70,64,50,50,50,86,60,0.752,28,67,77,34,60,50,50,50,52,0.984,20,35,38,36,28,65,63,50,42,1.351,31,28,70,26,50,30,36,50,40,1.492,50,62,50,40,67,28,15,50,45,1.21,17,0,74,0,100,1,45
860,948,692,395,305,401,399,26,37,0,65,21,73,24,64,39,1.37,73,72,50,73,50,38,40,41,55,0.805,0,75,76,50,50,73,76,50,56,0.907,65,60,30,29,73,50,36,27,46,1.295,25,34,50,23,60,69,68,70,50,1.01,16,50,50,50,26,0,37.482
1078,616,706,486,314,471,329,24,34,100,72,88,73,50,50,61,0.873,85,85,100,26,89,83,25,92,73,0.655,11,87,24,14,11,50,60,50,38,1.75,1,0,7,97,24,87,9,89,39,1.548,0,100,26,26,26,91,50,10,41,1.43,17,100,13,89,16,0,37.915
903,517,980,367,433,486,314,73,100,50,25,24,77,76,100,66,0.528,76,40,24,0,23,76,34,76,44,1.085,72,50,0,0,0,50,24,50,31,1.747,73,76,76,21,0,14,100,0,45,0.848,36,26,50,0,24,78,50,50,39,1.55,17,0,50,89,50,1,34.875
889,721,790,469,331,556,244,26,50,26,26,75,61,26,86,47,0.913,16,50,100,50,11,73,0,86,48,0.889,50,89,25,10,20,14,64,25,37,1.233,0,84,100,0,50,8,89,0,41,1.417,14,35,38,24,25,50,32,26,31,2.28,17,0,50,59,74,1,34.875
848,822,730,525,275,541,259,1,5,0,96,92,4,97,31,41,1.126,23,50,95,2,8,98,22,98,50,0.861,93,100,3,5,2,97,41,7,44,1.032,50,50,99,0,26,0,50,0,34,1.909,13,96,38,50,6,10,13,33,32,2.09,17,100,15,73,50,0,37.482
1014,897,589,270,430,488,312,36,1,25,2,7,42,16,50,22,1.523,100,76,37,100,0,26,75,50,58,0.581,0,2,2,100,25,65,38,44,35,1.13,100,45,26,18,27,100,50,90,57,0.628,74,50,50,50,56,7,17,8,39,1.56,18,0,17,100,50,1,7.815
857,764,779,468,332,521,279,35,38,74,33,37,75,62,75,54,0.981,72,34,73,26,38,74,71,62,56,0.909,75,37,24,33,27,73,74,50,49,1.122,65,28,74,50,31,25,24,35,42,1.41,36,13,74,25,34,35,36,26,35,1.87,17,25,74,14,74,1,34.875
831,939,630,492,208,563,337,14,36,14,73,76,6,10,67,37,1.49,17,58,74,99,14,82,47,75,58,0.758,76,74,45,72,26,0,94,48,54,0.885,63,54,11,0,17,56,53,8,33,2.365,6,74,3,92,8,54,16,30,35,1.67,17,0,22,0,67,1,21.93
694,773,833,550,250,406,394,22,38,62,55,66,40,38,71,49,0.928,17,61,61,36,40,59,1,84,45,1.2,63,80,40,42,31,22,87,0,46,0.898,29,23,33,32,24,31,41,37,31,2.2,50,62,90,36,33,21,14,88,49,1.03,16,90,16,25,25,0,45
1080,538,782,527,273,416,384,76,34,37,47,36,100,34,82,56,0.688,50,22,86,0,75,100,44,87,58,0.724,13,100,26,0,0,24,0,21,23,2.007,23,13,75,0,73,0,80,9,34,1.93,14,100,0,12,81,77,0,100,48,1.08,16,0,14,62,53,1,34.391
857,838,705,254,546,429,371,14,5,51,52,23,49,56,86,42,1.189,98,67,30,30,66,62,26,52,54,0.823,46,51,23,36,33,73,66,46,47,1.023,99,74,30,93,80,85,65,20,68,0.465,41,70,50,0,24,93,85,8,46,1.16,18,100,24,91,20,0,35.336
899,749,752,605,195,502,298,37,26,100,50,50,50,17,74,51,0.996,13,75,86,92,25,75,25,61,57,0.836,75,80,26,9,50,0,63,50,44,1.2,25,50,10,10,14,11,50,25,24,3.103,63,64,50,18,7,14,0,82,37,1.68,18,0,26,75,37,1,19.885
914,861,625,332,468,328,472,26,25,94,16,64,44,36,51,45,1.378,68,82,92,12,26,88,90,73,66,0.684,17,89,87,16,8,92,66,42,52,1.062,44,29,75,74,79,38,68,61,59,0.709,74,80,33,21,59,43,85,77,59,0.69,17,93,4,63,20,0,37.482
994,362,1144,356,444,274,526,62,100,74,60,74,100,44,100,77,0.316,45,26,0,73,26,100,0,0,34,1.151,0,100,0,0,0,76,0,0,22,2.746,55,73,26,100,28,25,37,100,56,0.802,65,26,100,64,43,74,54,100,66,0.52,17,61,30,82,36,1,37.482
703,832,865,439,361,490,310,34,74,2,39,50,28,66,77,46,0.962,25,25,68,26,1,72,26,62,38,1.23,29,60,76,13,36,75,63,50,50,0.845,38,28,25,74,60,73,26,37,45,1.216,35,65,27,63,51,31,1,37,39,1.58,17,74,13,17,16,0,35.012
661,635,1104,457,343,559,241,62,78,100,50,84,87,5,59,66,0.575,24,42,14,9,21,1,84,26,28,1.67,84,98,1,17,88,26,0,46,45,1.041,100,90,2,15,12,89,10,25,43,1.332,98,31,0,8,12,65,1,26,30,2.32,17,25,26,2,26,0,37.482
721,681,998,463,337,572,228,50,28,93,50,69,50,70,98,64,0.682,35,29,82,28,50,26,28,32,39,1.384,20,86,70,40,60,0,86,27,49,1.059,73,50,16,61,62,12,63,0,42,1.374,5,27,0,41,36,31,38,50,29,2.51,17,50,15,73,4,1,7.815
779,617,1004,271,529,487,313,30,80,86,63,29,28,73,100,61,0.615,77,17,32,6,24,76,23,30,36,1.289,16,69,10,77,0,84,24,26,38,1.263,100,100,100,78,85,38,21,7,66,0.512,26,93,74,74,17,24,0,5,39,1.56,16,100,9,38,19,0,34.875
976,737,687,621,179,438,362,57,4,62,24,20,0,26,100,37,1.073,25,20,75,100,88,69,12,17,51,0.704,50,50,4,25,12,0,76,13,29,1.324,12,7,0,35,25,0,100,0,22,3.469,0,66,75,18,27,100,0,76,45,1.21,16,0,0,0,95,1,34.16
875,649,876,669,231,596,204,27,73,73,50,50,27,28,100,54,0.741,0,26,26,72,27,74,27,100,44,1.001,50,73,0,27,0,50,50,27,35,1.348,26,27,50,0,26,26,50,0,26,2.896,26,74,50,0,27,0,0,27,26,2.92,18,0,24,25,74,1,32.14
918,536,846,530,270,621,279,50,25,100,35,50,74,13,73,53,0.634,0,25,50,74,26,75,0,99,44,0.922,1,74,25,18,26,50,1,61,32,1.713,99,19,0,4,0,25,100,23,34,1.963,3,97,50,1,1,74,0,3,29,2.23,16,75,50,25,24,0,37.482
987,570,843,453,347,625,175,43,100,50,50,73,26,25,100,58,0.676,75,100,74,25,0,62,25,63,53,0.854,74,50,0,0,12,25,26,50,30,1.732,100,22,0,26,100,26,73,0,43,1.305,25,0,50,0,0,50,0,50,22,3.57,17,0,50,0,75,1,37.482
817,578,1005,446,354,262,538,0,100,87,88,73,62,0,74,61,0.575,16,75,74,0,0,87,1,26,35,1.23,43,87,0,12,0,38,42,40,33,1.413,100,36,26,42,96,14,26,14,44,1.26,26,88,26,100,60,74,64,100,67,0.49,17,100,50,86,100,0,34.875
1002,664,734,293,507,733,67,85,25,0,87,84,38,30,25,47,0.905,100,44,21,58,12,100,17,88,55,0.733,36,91,22,7,13,59,8,2,30,1.509,62,79,74,25,81,86,100,0,63,0.578,14,0,0,4,15,24,8,2,8,10.94,16,17,18,66,50,1,32.158
911,727,762,480,320,551,249,45,42,20,43,58,36,55,71,46,0.954,35,40,67,78,32,76,25,55,51,0.836,18,73,26,42,32,42,20,44,37,1.253,41,60,50,0,53,0,74,42,40,1.5,55,75,42,21,12,25,0,19,31,2.21,16,0,39,16,50,1,31.498
815,757,828,483,317,511,289,76,20,33,74,32,17,73,63,49,0.914,19,0,80,66,16,41,46,92,45,1.016,25,22,19,18,32,94,67,68,43,1.077,74,78,19,27,34,12,32,41,40,1.524,27,72,74,22,28,50,0,16,36,1.77,17,86,13,7,35,0,34.875
950,486,964,390,410,405,395,50,50,100,74,92,85,77,100,79,0.504,85,74,74,74,24,26,27,80,58,1.015,70,75,28,14,0,86,15,26,39,1.955,26,23,72,25,76,74,100,14,51,0.951,27,37,26,25,50,75,78,77,49,1.03,17,83,36,85,50,0,34.875
860,650,890,477,323,242,558,30,60,97,86,69,43,80,34,62,0.73,60,29,82,79,57,41,20,41,51,1.035,19,44,91,20,14,80,22,59,44,1.323,17,81,17,38,78,38,13,41,40,1.477,33,96,50,63,81,82,65,88,70,0.43,17,85,4,45,25,0,34.875
975,780,645,591,209,415,385,78,75,31,30,18,0,79,29,43,1.209,71,13,79,82,77,77,22,74,62,0.662,29,68,33,23,21,85,34,27,40,1.25,17,50,0,14,20,10,22,76,26,2.828,24,32,61,62,28,77,20,81,48,1.08,17,4,61,68,70,1,24.184
952,717,731,362,438,340,460,50,32,13,100,62,40,21,50,46,0.981,25,25,75,94,0,100,31,87,55,0.768,6,73,25,29,32,71,12,37,36,1.328,38,63,69,88,23,44,89,24,55,0.826,50,100,50,76,50,50,34,50,58,0.74,17,38,14,29,50,1,34.875
764,680,856,562,238,383,417,28,78,41,67,90,42,40,100,61,0.794,88,26,0,20,19,95,32,50,41,1.12,17,61,92,14,90,82,1,9,46,1.124,10,79,35,13,90,9,2,0,30,2.361,59,93,54,1,15,50,56,89,52,0.92,16,2,68,86,50,1,31.126
951,626,823,407,393,560,340,63,27,0,74,76,96,60,57,57,0.761,50,74,50,25,45,89,11,86,54,0.865,46,98,4,0,23,79,0,29,35,1.519,53,75,90,75,3,26,59,12,49,1.036,10,74,26,17,23,45,42,24,33,1.65,18,0,0,100,0,1,45
930,620,850,439,361,156,644,19,0,100,59,100,62,26,100,58,0.729,28,0,100,62,100,100,0,26,52,0.914,0,74,0,0,3,88,100,21,36,1.5,76,0,74,25,86,0,100,0,45,1.216,88,0,73,95,88,100,100,100,81,0.24,17,100,26,100,25,0,37.482
923,653,824,522,278,472,328,50,25,100,50,74,50,50,100,62,0.792,50,74,100,50,50,26,25,100,59,0.893,26,50,0,100,26,25,75,50,44,1.413,75,50,26,26,75,0,26,0,35,1.878,26,100,50,0,0,51,26,75,41,1.44,16,50,0,75,50,0,34.875
794,591,1015,409,391,449,351,74,3,0,0,100,100,100,100,60,0.582,100,1,14,97,0,50,0,0,33,1.278,12,98,100,2,0,6,0,50,34,1.343,100,1,0,1,100,94,95,0,49,1.046,0,100,0,100,50,1,0,100,44,1.28,17,11,18,0,25,1,37.482
817,667,916,430,370,346,454,50,74,84,50,70,51,45,61,61,0.728,55,39,55,31,50,57,30,52,46,1.121,50,83,24,34,46,35,40,40,44,1.225,41,50,50,42,58,29,50,50,46,1.162,75,82,50,75,50,26,50,46,57,0.76,17,11,26,33,39,1,45
948,677,775,477,323,390,410,50,100,100,61,26,88,0,63,61,0.874,50,88,100,25,50,50,50,100,64,0.818,75,74,26,25,14,76,50,25,46,1.4,74,74,25,0,100,0,50,0,40,1.477,50,86,12,86,50,1,50,75,51,0.95,17,100,15,100,14,0,34.875
828,810,762,273,527,320,480,84,83,95,35,1,1,30,74,50,1.063,100,59,100,44,8,100,11,19,55,0.92,67,78,87,0,42,100,8,31,52,1.022,24,100,84,86,100,1,99,33,66,0.518,82,99,0,78,24,100,0,97,60,0.67,17,1,50,1,50,0,32.905
846,630,924,371,429,627,173,50,88,37,17,74,100,74,56,62,0.682,75,62,36,15,11,74,11,88,47,1.092,0,100,100,0,13,100,0,13,41,1.343,100,100,0,75,88,0,16,50,54,0.865,0,100,50,0,11,0,12,0,22,3.62,16,87,13,26,25,0,34.875
631,993,776,564,236,477,323,7,31,27,13,79,50,14,19,30,1.28,4,99,14,41,13,15,4,74,33,1.23,98,92,4,73,4,74,50,38,54,0.635,2,26,36,74,63,2,27,6,30,2.39,39,50,10,25,2,97,50,50,40,1.48,18,62,62,63,26,0,44.815
634,681,1085,527,273,542,258,51,53,8,89,70,67,82,100,65,0.628,26,14,25,0,50,66,0,54,29,1.711,40,100,25,55,11,100,24,46,50,0.931,10,88,4,28,82,16,22,23,34,1.93,63,41,48,27,26,16,18,19,32,2.1,18,0,50,16,100,1,61.39
720,516,1164,431,369,268,532,60,100,100,79,100,91,68,69,83,0.443,27,21,100,0,0,50,5,100,38,1.617,26,75,70,22,29,54,57,50,48,1.395,0,70,66,75,35,26,42,55,46,1.168,71,24,52,86,52,100,59,88,67,0.5,17,26,0,82,0,1,39.012
1069,400,931,253,547,287,513,80,81,100,99,100,70,41,93,83,0.43,84,80,69,67,76,82,18,57,67,0.871,20,90,21,75,0,34,16,8,33,2.673,91,91,86,61,84,28,100,6,68,0.463,71,100,50,17,74,96,85,20,64,0.56,17,87,10,93,80,0,37.482
1192,501,707,527,273,382,418,33,80,100,91,91,10,34,78,65,0.709,82,81,83,73,97,99,6,89,76,0.593,6,77,18,2,6,79,0,30,27,2.379,3,6,91,3,61,1,93,15,34,1.93,97,91,19,5,92,19,4,91,52,0.91,17,0,34,41,70,1,37.482
635,855,910,349,451,438,362,31,28,23,66,17,74,16,65,40,0.94,19,5,81,10,26,31,10,28,26,1.433,38,82,72,29,13,28,86,27,47,0.743,89,88,74,73,80,8,18,21,56,0.774,26,70,0,81,74,24,2,85,45,1.21,17,74,28,26,50,0,45.952
869,771,760,286,514,364,436,75,72,26,56,87,12,29,36,49,1.014,34,73,38,78,23,81,70,36,54,0.875,77,73,13,28,28,82,25,38,46,1.127,86,79,15,78,84,75,71,26,64,0.556,72,70,65,23,33,99,4,70,55,0.83,17,9,37,36,35,1,29.275
945,778,677,481,319,569,231,12,54,0,63,26,45,92,75,46,1.149,74,45,89,38,61,83,0,100,61,0.716,63,99,15,26,0,50,35,57,43,1.215,61,26,2,7,67,84,58,14,40,1.508,15,18,32,14,4,93,5,50,29,2.46,18,0,26,0,100,1,45.519
1153,694,553,407,393,445,355,22,13,24,20,66,24,18,69,32,1.255,58,67,95,94,5,81,24,79,63,0.48,8,88,7,0,6,18,5,18,19,1.661,85,42,72,6,23,63,96,6,49,1.036,61,10,58,32,18,82,26,68,44,1.25,20,34,7,50,61,1,21.361
784,631,985,554,246,336,464,25,50,100,61,100,66,50,100,69,0.641,27,1,74,26,75,64,0,100,46,1.256,25,62,99,0,12,98,75,12,48,1.242,0,50,0,50,26,1,84,35,31,2.252,85,82,50,99,20,26,2,100,58,0.72,17,100,37,12,86,0,34.875
889,643,868,473,327,436,364,50,64,0,60,96,52,36,74,54,0.741,9,34,88,32,25,74,37,65,46,0.976,35,50,13,28,0,56,60,33,34,1.383,12,89,50,48,51,16,26,35,41,1.446,35,36,50,52,31,50,50,60,46,1.2,17,50,0,75,26,1,30.014
899,669,832,400,400,452,348,43,64,88,74,74,62,21,39,58,0.804,50,26,82,83,12,64,28,88,54,0.925,31,78,58,20,37,66,19,25,42,1.344,50,24,73,63,73,29,82,6,50,1,26,73,20,26,39,28,40,96,44,1.3,17,82,14,50,26,0,34.875
983,748,669,521,279,517,283,37,6,89,31,19,7,5,37,29,1.118,14,26,100,9,22,91,0,100,45,0.681,34,92,18,1,0,0,26,8,22,1.314,31,40,95,0,18,5,90,0,35,1.867,44,24,50,0,40,14,12,99,35,1.83,18,92,5,74,25,0,37.014
755,606,1039,358,442,460,340,37,86,100,64,90,98,82,83,80,0.583,26,40,74,36,64,74,50,37,50,1.376,65,75,68,12,8,81,96,41,56,1.246,67,73,69,45,61,19,91,17,55,0.81,2,70,0,26,81,50,76,35,43,1.35,17,72,38,73,74,0,34.875
848,574,978,335,465,508,292,77,37,82,66,59,85,39,25,59,0.587,76,36,56,11,19,24,25,45,37,1.153,10,46,8,17,23,72,23,45,31,1.477,27,75,75,25,67,75,90,31,58,0.72,28,67,53,16,26,39,33,30,37,1.74,17,4,39,74,50,1,37.482
916,623,861,699,101,655,145,74,26,27,100,34,50,26,100,55,0.724,26,26,76,0,25,74,73,76,47,0.94,52,26,27,38,0,15,75,27,33,1.47,0,25,0,0,26,25,25,0,13,6.921,50,0,26,25,26,0,0,18,18,4.52,17,0,26,14,75,1,7.815
1027,767,606,423,377,337,463,50,27,75,50,25,50,14,100,49,1.266,74,74,62,100,100,74,26,75,73,0.59,0,100,74,13,0,38,87,46,45,1.339,100,25,0,26,100,26,74,26,47,1.122,25,100,50,25,86,11,91,75,58,0.73,17,15,0,100,50,1,37.482
833,805,762,585,215,552,248,22,17,95,68,16,15,20,74,41,1.056,16,71,86,23,15,81,40,33,46,0.915,69,80,9,23,59,18,24,50,42,1.035,2,7,10,18,84,15,74,5,27,2.721,12,50,28,75,26,40,0,17,31,2.23,17,0,71,73,81,1,7.815
1127,712,561,490,310,552,248,50,56,0,50,61,18,29,50,39,1.269,91,75,66,50,74,96,17,84,69,0.498,50,28,14,2,0,67,25,40,28,1.583,50,40,50,30,63,50,27,0,39,1.581,50,13,74,8,46,3,0,54,31,2.23,17,80,37,3,50,0,37.482
1063,622,715,513,287,519,281,76,31,0,76,76,37,63,90,56,0.87,79,50,84,57,76,58,70,60,67,0.673,16,50,17,25,15,76,62,10,34,1.709,50,25,36,40,24,25,62,25,36,1.787,75,25,24,5,24,50,61,17,35,1.85,17,10,25,63,50,1,37.482
1120,661,619,398,402,429,371,64,28,29,65,78,32,11,50,45,1.068,57,50,84,72,50,86,62,77,67,0.553,31,54,15,24,8,18,18,50,27,1.694,68,85,60,19,40,35,39,56,50,0.99,68,22,68,77,23,20,50,43,46,1.16,17,9,28,20,40,1,7.815
669,895,836,559,241,237,563,74,0,100,26,13,18,75,87,49,1.071,26,6,35,100,44,21,25,100,45,1.25,75,100,0,26,16,83,100,88,61,0.747,71,74,14,16,22,27,0,17,30,2.32,26,90,53,97,100,12,85,100,70,0.42,17,100,12,87,50,0,37.482
691,744,965,433,367,649,151,23,71,99,64,11,29,74,40,51,0.771,30,35,25,3,42,71,18,22,31,1.397,94,21,15,10,25,84,63,43,44,0.929,79,0,70,59,66,61,32,0,46,1.18,0,69,6,18,6,39,0,13,19,4.3,17,13,75,9,92,1,53.366
807,556,1037,514,286,298,502,50,27,100,100,100,92,34,50,69,0.536,0,12,74,69,12,100,11,38,40,1.285,14,100,75,13,50,5,50,2,39,1.451,0,69,74,11,32,0,89,11,36,1.797,100,100,50,0,50,2,100,100,63,0.59,16,86,10,100,0,0,27.508
687,876,837,477,323,495,305,40,27,25,52,70,27,76,11,41,1.047,26,26,37,96,0,26,57,23,36,1.218,4,85,65,30,59,100,25,36,51,0.784,26,88,28,32,74,0,0,75,40,1.477,16,11,62,68,20,14,86,28,38,1.62,17,16,33,69,62,1,45
764,779,857,406,394,597,203,25,45,75,75,74,20,25,82,53,0.909,50,60,41,36,14,50,63,50,46,1.122,49,50,16,75,25,69,66,50,50,0.981,100,63,26,50,25,32,62,36,49,1.03,16,26,50,40,14,26,0,31,25,2.94,17,0,87,19,100,1,14.913
946,556,898,361,439,511,289,56,38,58,75,87,63,44,84,63,0.619,63,49,32,65,35,73,22,68,51,0.949,49,56,13,28,26,31,15,43,33,1.701,78,50,41,40,37,62,74,57,55,0.822,32,61,50,0,75,43,13,15,36,1.77,18,16,43,32,61,1,7.815